,pelicula,actor
0,U-571,Matthew McConaughey
1,U-571,Bill Paxton
2,U-571,Harvey Keitel
3,U-571,Jon Bon Jovi
4,U-571,Thomas Kretschmann
5,U-571,Jake Weber
6,U-571,Tom Guiry
7,U-571,Erik Palladino
8,Highlander: Endgame,Christopher Lambert
9,Highlander: Endgame,Adrian Paul
10,Highlander: Endgame,Douglas Aarniokoski
11,Highlander: Endgame,Donnie Yen
12,Highlander: Endgame,Bruce Payne
13,Highlander: Endgame,Adam Copeland
14,Highlander: Endgame,Wendy Partridge
15,Highlander: Endgame,Christopher Leps
16,Sinbad: Beyond the Veil of Mists,Brendan Fraser
17,Sinbad: Beyond the Veil of Mists,Mark Hamill
18,Sinbad: Beyond the Veil of Mists,Leonard Nimoy
19,Sinbad: Beyond the Veil of Mists,John Rhys-Davies
20,Sinbad: Beyond the Veil of Mists,Jennifer Hale
21,Sinbad: Beyond the Veil of Mists,Jeff Wolverton
22,Sinbad: Beyond the Veil of Mists,Alice Amter
23,Sinbad: Beyond the Veil of Mists,Jim Cummings
24,Yup Yup Man,David Bowe
25,Yup Yup Man,Mo Gallini
26,Yup Yup Man,William Bumiller
27,Yup Yup Man,Debi A. Monahan
28,Yup Yup Man,Chase MacKenzie Bebak
29,Yup Yup Man,Robert Enriquez
30,Yup Yup Man,Jocelyn Seagrave
31,Yup Yup Man,Judi Beecher
32,Charlie's Angels,Jaclyn Smith
33,Charlie's Angels,Elizabeth Banks
34,Charlie's Angels,Kristen Stewart
35,Charlie's Angels,John Forsythe
36,Charlie's Angels,Drew Barrymore
37,Charlie's Angels,Lucy Liu
38,Charlie's Angels,Cameron Diaz
39,Charlie's Angels,Ella Balinska
40,Shaft,Samuel L. Jackson
41,Shaft,Richard Roundtree
42,Shaft,Jessie Usher
43,Shaft,Regina Hall
44,Shaft,Alexandra Shipp
45,Shaft,Lauren Vélez
46,Shaft,Avan Jogia
47,Shaft,Matt Lauria
48,Hollow Man,Kevin Bacon
49,Hollow Man,Elisabeth Shue
50,Hollow Man,Josh Brolin
51,Hollow Man,Rhona Mitra
52,Hollow Man,Kim Dickens
53,Hollow Man,Greg Grunberg
54,Hollow Man,Mary Randle
55,Hollow Man,William Devane
56,Black Sea 213,Anthony Addabbo
57,Black Sea 213,Timothy Bottoms
58,Black Sea 213,Irina Grigoryeva
59,Black Sea 213,Vera Sotnikova
60,Black Sea 213,Jacqueline Lovell
61,Black Sea 213,Brion James
62,Black Sea 213,Yelena Zatolokina
63,Black Sea 213,Anna Dubrovskaya
64,Romeo Must Die,Jet Li
65,Romeo Must Die,Aaliyah
66,Romeo Must Die,Russell Wong
67,Romeo Must Die,DMX
68,Romeo Must Die,Isaiah Washington
69,Romeo Must Die,Anthony Anderson
70,Romeo Must Die,Delroy Lindo
71,Romeo Must Die,D.B. Woodside
72,A Better Way to Die,Scott Wiper
73,A Better Way to Die,Lou Diamond Phillips
74,A Better Way to Die,Jefferson Moore
75,A Better Way to Die,Andre Braugher
76,A Better Way to Die,Mo Gallini
77,A Better Way to Die,Natasha Henstridge
78,A Better Way to Die,Jack Conley
79,A Better Way to Die,Rick Hoffman
80,Prince of Central Park,Kathleen Turner
81,Prince of Central Park,Cathy Moriarty
82,Prince of Central Park,Harvey Keitel
83,Prince of Central Park,Danny Aiello
84,Prince of Central Park,Frank Nasso
85,Prince of Central Park,Lauren Vélez
86,Prince of Central Park,John P. Gulino
87,Prince of Central Park,Mtume Gant
88,Gladiator,Russell Crowe
89,Gladiator,Joaquin Phoenix
90,Gladiator,Connie Nielsen
91,Gladiator,Paul Mescal
92,Gladiator,Oliver Reed
93,Gladiator,Richard Harris
94,Gladiator,Spencer Treat Clark
95,Gladiator,Tommy Flanagan
96,Alex l'ariete,Michelle Hunziker
97,Alex l'ariete,Alberto Tomba
98,Alex l'ariete,Corinne Cléry
99,Alex l'ariete,Massimo Poggio
100,Alex l'ariete,Tony Kendall
101,Alex l'ariete,Orso Maria Guerrini
102,Alex l'ariete,Ramona Badescu
103,Alex l'ariete,Tullio Sorrentino
104,Delta Force One: The Lost Patrol,John Rhys-Davies
105,Delta Force One: The Lost Patrol,Lior Raz
106,Delta Force One: The Lost Patrol,Gary Daniels
107,Delta Force One: The Lost Patrol,Mike Norris
108,Delta Force One: The Lost Patrol,Ze'ev Revach
109,Delta Force One: The Lost Patrol,Bentley Mitchum
110,Delta Force One: The Lost Patrol,Sasson Gabai
111,Delta Force One: The Lost Patrol,Uri Gavriel
112,The Perfect Storm,Diane Lane
113,The Perfect Storm,Mary Elizabeth Mastrantonio
114,The Perfect Storm,George Clooney
115,The Perfect Storm,William Fichtner
116,The Perfect Storm,John Hawkes
117,The Perfect Storm,Mark Wahlberg
118,The Perfect Storm,John C. Reilly
119,The Perfect Storm,Hayden Tank
120,Fortress 2,Kelly Greyson
121,Fortress 2,Natali Yura
122,Fortress 2,Bruce Willis
123,Fortress 2,Chad Michael Murray
124,Fortress 2,Gabrielle Haugh
125,Fortress 2,Ser'Darius Blain
126,Fortress 2,Jesse Metcalfe
127,Fortress 2,Shannen Doherty
128,Reindeer Games,Ben Affleck
129,Reindeer Games,Charlize Theron
130,Reindeer Games,Gary Sinise
131,Reindeer Games,Ashton Kutcher
132,Reindeer Games,James Frain
133,Reindeer Games,Isaac Hayes
134,Reindeer Games,Donal Logue
135,Reindeer Games,Michael Sunczyk
136,Shanghai Noon,Jackie Chan
137,Shanghai Noon,Owen Wilson
138,Shanghai Noon,Lucy Liu
139,Shanghai Noon,Brandon Merrill
140,Shanghai Noon,Eric Chen
141,Shanghai Noon,Roger Yuan
142,Shanghai Noon,Walton Goggins
143,Shanghai Noon,Jason Connery
144,Space Cowboys,Clint Eastwood
145,Space Cowboys,Tommy Lee Jones
146,Space Cowboys,James Garner
147,Space Cowboys,Donald Sutherland
148,Space Cowboys,Marcia Gay Harden
149,Space Cowboys,James Cromwell
150,Space Cowboys,William Devane
151,Space Cowboys,Barbara Babcock
152,The Patriot,Heath Ledger
153,The Patriot,Jason Isaacs
154,The Patriot,Skye McCole Bartusiak
155,The Patriot,Lisa Brenner
156,The Patriot,Mel Gibson
157,The Patriot,Joely Richardson
158,The Patriot,Tom Wilkinson
159,The Patriot,Logan Lerman
160,Battlefield Earth,John Travolta
161,Battlefield Earth,Forest Whitaker
162,Battlefield Earth,Barry Pepper
163,Battlefield Earth,Kelly Preston
164,Battlefield Earth,Sabine Karsenti
165,Battlefield Earth,Shaun Austin-Olsen
166,Battlefield Earth,Kim Coates
167,Battlefield Earth,Earl Pastko
168,Gone in Sixty Seconds,Nicolas Cage
169,Gone in Sixty Seconds,Angelina Jolie
170,Gone in Sixty Seconds,Giovanni Ribisi
171,Gone in Sixty Seconds,H. B. Halicki
172,Gone in Sixty Seconds,T.J. Cross
173,Gone in Sixty Seconds,Vinnie Jones
174,Gone in Sixty Seconds,Will Patton
175,Gone in Sixty Seconds,Scott Caan
176,Dungeons & Dragons,Sophia Lillis
177,Dungeons & Dragons,Chris Pine
178,Dungeons & Dragons,Daisy Head
179,Dungeons & Dragons,Michelle Rodriguez
180,Dungeons & Dragons,Regé-Jean Page
181,Dungeons & Dragons,Chloe Coleman
182,Dungeons & Dragons,Justice Smith
183,Dungeons & Dragons,Hugh Grant
184,Wo hu cang long,Michelle Yeoh
185,Wo hu cang long,Zhang Ziyi
186,Wo hu cang long,Chow Yun-Fat
187,Wo hu cang long,Chang Chen
188,Wo hu cang long,Cheng Pei-pei
189,Wo hu cang long,Xian Gao
190,Wo hu cang long,Fazeng Li
191,Wo hu cang long,Sihung Lung
192,The Skulls,Paul Walker
193,The Skulls,Joshua Jackson
194,The Skulls,Leslie Bibb
195,The Skulls,Hill Harper
196,The Skulls,Christopher McDonald
197,The Skulls,Dominic Kahn
198,The Skulls,Connie Buell
199,The Skulls,William Petersen
200,Vertical Limit,Chris O'Donnell
201,Vertical Limit,Robin Tunney
202,Vertical Limit,Bill Paxton
203,Vertical Limit,Izabella Scorupco
204,Vertical Limit,Scott Glenn
205,Vertical Limit,Nicholas Lea
206,Vertical Limit,Ben Mendelsohn
207,Vertical Limit,Temuera Morrison
208,Tiger Claws III,Cynthia Rothrock
209,Tiger Claws III,Jalal Merhi
210,Tiger Claws III,Loren Avedon
211,Tiger Claws III,Carter Wong
212,Tiger Claws III,Bolo Yeung
213,Tiger Claws III,Gary Foo
214,Tiger Claws III,Russell Peters
215,Tiger Claws III,Mike Chow
216,Deep Core,Terry Farrell
217,Deep Core,Wil Wheaton
218,Deep Core,Craig Sheffer
219,Deep Core,Harry Van Gorkum
220,Deep Core,Bruce McGill
221,Deep Core,Ron Yuan
222,Deep Core,James Russo
223,Deep Core,Donald Li
224,The Way of the Gun,Benicio del Toro
225,The Way of the Gun,Ryan Phillippe
226,The Way of the Gun,James Caan
227,The Way of the Gun,Juliette Lewis
228,The Way of the Gun,Geoffrey Lewis
229,The Way of the Gun,Taye Diggs
230,The Way of the Gun,Scott Wilson
231,The Way of the Gun,Dylan Kussman
232,Get Carter,Sylvester Stallone
233,Get Carter,Michael Caine
234,Get Carter,Mickey Rourke
235,Get Carter,Stephen Kay
236,Get Carter,Rachael Leigh Cook
237,Get Carter,Miranda Richardson
238,Get Carter,John C. McGinley
239,Get Carter,Rhona Mitra
240,Nostradamus,Rutger Hauer
241,Nostradamus,Julia Ormond
242,Nostradamus,Tchéky Karyo
243,Nostradamus,F. Murray Abraham
244,Nostradamus,Amanda Plummer
245,Nostradamus,Assumpta Serna
246,Nostradamus,Anthony Higgins
247,Nostradamus,Diana Quick
248,The Chaos Factor,Antonio Sabato Jr.
249,The Chaos Factor,Fred Ward
250,The Chaos Factor,Sean Kanan
251,The Chaos Factor,Kelly Rutherford
252,The Chaos Factor,R. Lee Ermey
253,The Chaos Factor,Susie Park
254,The Chaos Factor,Curt Cornelius
255,The Chaos Factor,John Jabaley
256,The Guardian,Kevin Costner
257,The Guardian,Melissa Sagemiller
258,The Guardian,Ashton Kutcher
259,The Guardian,Neal McDonough
260,The Guardian,Bonnie Bramlett
261,The Guardian,Brian Geraghty
262,The Guardian,Sela Ward
263,The Guardian,Shelby Fenner
264,Big Momma's House,Nia Long
265,Big Momma's House,Jascha Washington
266,Big Momma's House,Paul Giamatti
267,Big Momma's House,Ella Mitchell
268,Big Momma's House,Terrence Howard
269,Big Momma's House,Tichina Arnold
270,Big Momma's House,Ramsey Luke
271,Big Momma's House,Anthony Anderson
272,Aquarius,David Duchovny
273,Aquarius,Emma Dumont
274,Aquarius,Grey Damon
275,Aquarius,Michaela McManus
276,Aquarius,Claire Holt
277,Aquarius,Gethin Anthony
278,Aquarius,Brían F. O'Byrne
279,Aquarius,Chance Kelly
280,Miss Congeniality,Sandra Bullock
281,Miss Congeniality,Benjamin Bratt
282,Miss Congeniality,Heather Burns
283,Miss Congeniality,William Shatner
284,Miss Congeniality,Michael Caine
285,Miss Congeniality,Candice Bergen
286,Miss Congeniality,Ernie Hudson
287,Miss Congeniality,John DiResta
288,Bait,Jamie Foxx
289,Bait,David Morse
290,Bait,Kimberly Elise
291,Bait,Mike Epps
292,Bait,Doug Hutchison
293,Bait,Robert Pastorelli
294,Bait,David Paymer
295,Bait,Megan Dodds
296,Citizen Toxie: The Toxic Avenger IV,Lloyd Kaufman
297,Citizen Toxie: The Toxic Avenger IV,Paul Kyrmse
298,Citizen Toxie: The Toxic Avenger IV,Joe Fleishaker
299,Citizen Toxie: The Toxic Avenger IV,David Mattey
300,Citizen Toxie: The Toxic Avenger IV,Trent Haaga
301,Citizen Toxie: The Toxic Avenger IV,Heidi Sjursen
302,Citizen Toxie: The Toxic Avenger IV,Michael Budinger
303,Citizen Toxie: The Toxic Avenger IV,Lisa Terezakis
304,Last Stand,Arnold Schwarzenegger
305,Last Stand,Forest Whitaker
306,Last Stand,Johnny Knoxville
307,Last Stand,Jaimie Alexander
308,Last Stand,Luis Guzmán
309,Last Stand,Génesis Rodríguez
310,Last Stand,Rodrigo Santoro
311,Last Stand,Zach Gilford
312,Doomsdayer,Rhona Mitra
313,Doomsdayer,Lee-Anne Liebenberg
314,Doomsdayer,Malcolm McDowell
315,Doomsdayer,Bob Hoskins
316,Doomsdayer,Benedict Carver
317,Doomsdayer,MyAnna Buring
318,Doomsdayer,Craig Conway
319,Doomsdayer,Paul Hyett
320,O Dia da Caça,Marcello Antony
321,O Dia da Caça,Barbara Schulz
322,O Dia da Caça,Herson Capri
323,O Dia da Caça,Milton Gonçalves
324,O Dia da Caça,Jean-Louis Tribes
325,O Dia da Caça,Paulo Vespúcio
326,O Dia da Caça,Oscar Magrini
327,O Dia da Caça,Miwa Yanagizawa
328,The 6th Day,Arnold Schwarzenegger
329,The 6th Day,Tony Goldwyn
330,The 6th Day,Sarah Wynter
331,The 6th Day,Taylor Anne Reid
332,The 6th Day,Terry Crews
333,The 6th Day,Michael Rooker
334,The 6th Day,Rodney Rowland
335,The 6th Day,Michael Rapaport
336,Vampire Hunter D: Bloodlust,Andrew Philpot
337,Vampire Hunter D: Bloodlust,Pamela Adlon
338,Vampire Hunter D: Bloodlust,John Rafter Lee
339,Vampire Hunter D: Bloodlust,John DeMita
340,Vampire Hunter D: Bloodlust,Wendee Lee
341,Vampire Hunter D: Bloodlust,Jack Fletcher
342,Vampire Hunter D: Bloodlust,Julia Fletcher
343,Vampire Hunter D: Bloodlust,Dwight Schultz
344,Turn It Up,Jason Statham
345,Turn It Up,Pras
346,Turn It Up,Ja Rule
347,Turn It Up,Patricia Velásquez
348,Turn It Up,Faith Evans
349,Turn It Up,Chris Messina
350,Turn It Up,Melyssa Ford
351,Turn It Up,Wyclef Jean
352,Agent Red,Dolph Lundgren
353,Agent Red,Meilani Paul
354,Agent Red,Randolph Mantooth
355,Agent Red,Neal Matarazzo
356,Agent Red,Tony Becker
357,Agent Red,Steve Eastin
358,Agent Red,Natalie Radford
359,Agent Red,Allan Kolman
360,Dracula 2000,Gerard Butler
361,Dracula 2000,Justine Waddell
362,Dracula 2000,Jonny Lee Miller
363,Dracula 2000,Christopher Plummer
364,Dracula 2000,Jennifer Esposito
365,Dracula 2000,Omar Epps
366,Dracula 2000,Vitamin C
367,Dracula 2000,Shimmy Silverman
368,La máscara de Zorro,Antonio Banderas
369,La máscara de Zorro,Catherine Zeta-Jones
370,La máscara de Zorro,Anthony Hopkins
371,La máscara de Zorro,Stuart Wilson
372,La máscara de Zorro,Matt Letscher
373,La máscara de Zorro,Tony Amendola
374,La máscara de Zorro,Victor Rivas Rivers
375,La máscara de Zorro,Pedro Armendáriz Jr.
376,Daybreak,Colin Ford
377,Daybreak,Sophie Simnett
378,Daybreak,Alyvia Alyn Lind
379,Daybreak,Austin Crute
380,Daybreak,Matthew Broderick
381,Daybreak,Cody Kearsley
382,Daybreak,Natalie Alyn Lind
383,Daybreak,Krysta Rodriguez
384,Mach 2,Brian Bosworth
385,Mach 2,Michael Dorn
386,Mach 2,Cliff Robertson
387,Mach 2,David Hedison
388,Mach 2,Lance Guest
389,Mach 2,Shannon Whirry
390,Mach 2,Robert Pine
391,Mach 2,Andrew Stevens
392,Ojos que no ven,Arcelia Ramírez
393,Ojos que no ven,Fernanda Castillo
394,Ojos que no ven,Flavio Medina
395,Ojos que no ven,Héctor Kotsifakis
396,Ojos que no ven,Azucena Acevedo
397,Ojos que no ven,Luciana González De León
398,Ojos que no ven,Karla Garrido
399,Ojos que no ven,Claudia Santiago
400,Proof of Life,Russell Crowe
401,Proof of Life,Meg Ryan
402,Proof of Life,David Morse
403,Proof of Life,David Caruso
404,Proof of Life,Pamela Reed
405,Proof of Life,Diego Trujillo
406,Proof of Life,Margo Martindale
407,Proof of Life,Michael Kitchen
408,Tha Eastsidaz,Snoop Dogg
409,Tha Eastsidaz,Tray Deee
410,Tha Eastsidaz,Darryl Brunson
411,Tha Eastsidaz,Goldie Loc
412,Tha Eastsidaz,Xzibit
413,Tha Eastsidaz,Warren G
414,Tha Eastsidaz,RBX
415,Tha Eastsidaz,Larissa Bordere
416,Epicenter,Gary Daniels
417,Epicenter,Traci Lords
418,Epicenter,Jeff Fahey
419,Epicenter,Kristina Matisic
420,Epicenter,Daniela Nane
421,Epicenter,Katie Stuart
422,Epicenter,Andrew Francis
423,Epicenter,Mark Holden
424,Kaho Naa... Pyaar Hai,Hrithik Roshan
425,Kaho Naa... Pyaar Hai,Amisha Patel
426,Kaho Naa... Pyaar Hai,Anupam Kher
427,Kaho Naa... Pyaar Hai,Mohnish Bahl
428,Kaho Naa... Pyaar Hai,Dalip Tahil
429,Kaho Naa... Pyaar Hai,Ashish Vidyarthi
430,Kaho Naa... Pyaar Hai,Satish Shah
431,Kaho Naa... Pyaar Hai,Farida Jalal
432,Gekijô-ban poketto monsutâ: Kesshô-tô no teiô,Naoto Takenaka
433,Gekijô-ban poketto monsutâ: Kesshô-tô no teiô,Dan Green
434,Gekijô-ban poketto monsutâ: Kesshô-tô no teiô,Rachael Lillis
435,Gekijô-ban poketto monsutâ: Kesshô-tô no teiô,Lisa Ortiz
436,Gekijô-ban poketto monsutâ: Kesshô-tô no teiô,Ikue Ōtani
437,Gekijô-ban poketto monsutâ: Kesshô-tô no teiô,Veronica Taylor
438,Gekijô-ban poketto monsutâ: Kesshô-tô no teiô,Shin'ichirō Miki
439,Gekijô-ban poketto monsutâ: Kesshô-tô no teiô,Unshō Ishizuka
440,Blinkende lygter,Mads Mikkelsen
441,Blinkende lygter,Nikolaj Lie Kaas
442,Blinkende lygter,Ulrich Thomsen
443,Blinkende lygter,Søren Pilmark
444,Blinkende lygter,Ole Thestrup
445,Blinkende lygter,Sofie Gråbøl
446,Blinkende lygter,Peter Andersson
447,Blinkende lygter,Tomas Villum Jensen
448,Dora-heita,Kōji Yakusho
449,Dora-heita,Bunta Sugawara
450,Dora-heita,Yūko Asano
451,Dora-heita,Tsurutarō Kataoka
452,Dora-heita,Saburō Ishikura
453,Dora-heita,Hideji Ōtaki
454,Dora-heita,Renji Ishibashi
455,Dora-heita,Takeshi Katō
456,Brat 2,Aleksandr Karamnov
457,Brat 2,Víktor Sujorúkov
458,Brat 2,Konstantin Zheldin
459,Brat 2,Svetlana Mihailova
460,Brat 2,Serguéi Bodrov
461,Brat 2,Eric Roberts
462,Brat 2,Darya Yurgens
463,Brat 2,Konstantin Murzenko
464,Monday,Denise Gough
465,Monday,Sebastian Stan
466,Monday,Elli Tringou
467,Monday,Dominique Tipper
468,Monday,Andreas Konstantinou
469,Monday,Alexandros Logothetis
470,Monday,Orfeas Avgoustidis
471,Monday,Sofia Kokkali
472,Castle Rock,Bill Skarsgård
473,Castle Rock,Melanie Lynskey
474,Castle Rock,Lizzy Caplan
475,Castle Rock,Sissy Spacek
476,Castle Rock,André Holland
477,Castle Rock,Jane Levy
478,Castle Rock,Scott Glenn
479,Castle Rock,Paul Sparks
480,Mercy Streets,Mary Elizabeth Winstead
481,Mercy Streets,Josh Radnor
482,Mercy Streets,Brad Koed
483,Mercy Streets,Hannah James
484,Mercy Streets,McKinley Belcher III
485,Mercy Streets,Gary Cole
486,Mercy Streets,Suzanne Bertish
487,Mercy Streets,Norbert Leo Butz
488,Ides of March,George Clooney
489,Ides of March,Ryan Gosling
490,Ides of March,Philip Seymour Hoffman
491,Ides of March,Paul Giamatti
492,Ides of March,Evan Rachel Wood
493,Ides of March,Marisa Tomei
494,Ides of March,Jeffrey Wright
495,Ides of March,Max Minghella
496,Pierwszy milion,Szymon Bobrowski
497,Pierwszy milion,Agnieszka Warchulska
498,Pierwszy milion,Aleksandr Semchev
499,Pierwszy milion,Przemysław Sadowski
500,Pierwszy milion,Olaf Lubaszenko
501,Pierwszy milion,Agnieszka Włodarczyk
502,Pierwszy milion,Artur Żmijewski
503,Pierwszy milion,Bartosz Zukowski
504,Mission Kashmir,Hrithik Roshan
505,Mission Kashmir,Sanjay Dutt
506,Mission Kashmir,Preity Zinta
507,Mission Kashmir,Jackie Shroff
508,Mission Kashmir,Puru Raaj Kumar
509,Mission Kashmir,Sonali Kulkarni
510,Mission Kashmir,Abhay Chopra
511,Mission Kashmir,Vineet Sharma
512,Jungle,Emily Blunt
513,Jungle,Dwayne Johnson
514,Jungle,Jack Whitehall
515,Jungle,Jesse Plemons
516,Jungle,Édgar Ramírez
517,Jungle,Paul Giamatti
518,Jungle,Verónica Falcón
519,Jungle,Dani Rovira
520,El viaje de Arián,Abel Folk
521,El viaje de Arián,Íngrid Rubio
522,El viaje de Arián,Sílvia Munt
523,El viaje de Arián,Laia Marull
524,El viaje de Arián,Carlos Manuel Díaz
525,El viaje de Arián,Paul Berrondo
526,El viaje de Arián,Francesc Orella
527,El viaje de Arián,Francesc Garrido
528,Khiladi 420,Akshay Kumar
529,Khiladi 420,Mahima Chaudhry
530,Khiladi 420,Alok Nath
531,Khiladi 420,Antara Mali
532,Khiladi 420,Sudhanshu Pandey
533,Khiladi 420,Dilip Joshi
534,Khiladi 420,Razak Khan
535,Khiladi 420,Mukesh Rishi
536,The Operative,Diane Kruger
537,The Operative,Martin Freeman
538,The Operative,Johanan Herson
539,The Operative,Cas Anvar
540,The Operative,Rotem Keinan
541,The Operative,Daniel Wandelt
542,The Operative,Erez Ben-Ezra
543,The Operative,Ohad Knoller
544,Digimon: The Movie,Joshua Seth
545,Digimon: The Movie,Jeff Nimoy
546,Digimon: The Movie,Bob Buchholz
547,Digimon: The Movie,Lara Jill Miller
548,Digimon: The Movie,Mona Marshall
549,Digimon: The Movie,Brianne Siddall
550,Digimon: The Movie,Philece Sampler
551,Digimon: The Movie,Michael Sorich
552,Gongdong gyeongbi guyeok JSA,Lee Young-ae
553,Gongdong gyeongbi guyeok JSA,Song Kang-ho
554,Gongdong gyeongbi guyeok JSA,Lee Byung-hun
555,Gongdong gyeongbi guyeok JSA,Shin Ha-kyun
556,Gongdong gyeongbi guyeok JSA,Kim Tae-woo
557,Gongdong gyeongbi guyeok JSA,Isaac Green
558,Gongdong gyeongbi guyeok JSA,Gi Ju-bong
559,Gongdong gyeongbi guyeok JSA,Herbert Ulrich
560,Bangkok Dangerous,Nicolas Cage
561,Bangkok Dangerous,Chakrit Yamnam
562,Bangkok Dangerous,Panward Hemmanee
563,Bangkok Dangerous,Charlie Young
564,Bangkok Dangerous,James With
565,Bangkok Dangerous,Chris Heebink
566,Bangkok Dangerous,Dom Hetrakul
567,Bangkok Dangerous,Nirattisai Kaljareuk
568,Batoru rowaiaru,Tatsuya Fujiwara
569,Batoru rowaiaru,Chiaki Kuriyama
570,Batoru rowaiaru,Aki Maeda
571,Batoru rowaiaru,Kō Shibasaki
572,Batoru rowaiaru,Masanobu Andō
573,Batoru rowaiaru,Taro Yamamoto
574,Batoru rowaiaru,Takashi Tsukamoto
575,Batoru rowaiaru,Ai Maeda
576,Oro diablo,Laureano Olivares
577,Oro diablo,Armando Gota
578,Oro diablo,Jeannette Lehr
579,Oro diablo,Rocío Miranda
580,Oro diablo,Pedro Lander
581,Oro diablo,Alberto Rowinsky
582,Oro diablo,Jenny Noguera
583,Oro diablo,Juan Carlos Alarcón
584,Escaflowne,Paul Dobson
585,Escaflowne,Kirby Morrow
586,Escaflowne,Kelly Sheridan
587,Escaflowne,Terry Klassen
588,Escaflowne,Michael Dobson
589,Escaflowne,Venus Terzo
590,Escaflowne,Ward Perry
591,Escaflowne,Richard Newman
592,Papá es un ídolo,Sebastian Francini
593,Papá es un ídolo,Guillermo Francella
594,Papá es un ídolo,Mapi Galan
595,Papá es un ídolo,Manuel Bandera
596,Papá es un ídolo,Millie Stegman
597,Papá es un ídolo,Camila Bertone
598,Papá es un ídolo,Gaspar Cano
599,Papá es un ídolo,Annie Sosa Cordero
600,Raju Chacha,Ajay Devgan
601,Raju Chacha,Kajol
602,Raju Chacha,Rishi Kapoor
603,Raju Chacha,Baby Sakshi Sem
604,Raju Chacha,Sanjay Dutt
605,Raju Chacha,Pramod Moutho
606,Raju Chacha,Master Harsh Lunia
607,Raju Chacha,Tiku Talsania
608,Blinker en het Bagbag-juweel,Joren Seldeslachts
609,Blinker en het Bagbag-juweel,Nathalie Meskens
610,Blinker en het Bagbag-juweel,Warre Borgmans
611,Blinker en het Bagbag-juweel,Marc de Bel
612,Blinker en het Bagbag-juweel,Lut Hannes
613,Blinker en het Bagbag-juweel,Mieke Verheyden
614,Blinker en het Bagbag-juweel,Els Olaerts
615,Blinker en het Bagbag-juweel,Benny Claessens
616,Blood: The Last Vampire,Youki Kudoh
617,Blood: The Last Vampire,Steve Blum
618,Blood: The Last Vampire,Paul Carr
619,Blood: The Last Vampire,Chuck Campbell
620,Blood: The Last Vampire,Saemi Nakamura
621,Blood: The Last Vampire,Akira Koieyama
622,Blood: The Last Vampire,Rebecca Forstadt
623,Blood: The Last Vampire,Tom Fahn
624,Bichunmoo,Kim Hee-sun
625,Bichunmoo,Jung Jin-young
626,Bichunmoo,Jang Dong-jik
627,Bichunmoo,Shin Hyun-joon
628,Bichunmoo,Kim Hak-chul
629,Bichunmoo,Kim Soo-ro
630,Bichunmoo,Bang Hyeob
631,Bichunmoo,Kim Heui-seon
632,Anakiseuteu Anarchists,Kim Sang-joong
633,Anakiseuteu Anarchists,Jung Joon-ho
634,Anakiseuteu Anarchists,Lee Beom-soo
635,Anakiseuteu Anarchists,Jang Dong-gun
636,Anakiseuteu Anarchists,Kim In-kwon
637,Anakiseuteu Anarchists,Ye Ji-won
638,Anakiseuteu Anarchists,Kim Kwang-Seok
639,Anakiseuteu Anarchists,Jeong Won-jung
640,Bangrajan,Jaran Ngamdee
641,Bangrajan,Bin Bunluerit
642,Bangrajan,Winai Kraibutr
643,Bangrajan,Theerayut Pratyabamrung
644,Bangrajan,Bongkoj Khongmalai
645,Bangrajan,Atthakorn Suwannaraj
646,Bangrajan,Chumphorn Thepphithak
647,Bangrajan,Phisate Sangsuwan
648,Dead or Alive 2: Tôbôsha,Riki Takeuchi
649,Dead or Alive 2: Tôbôsha,Show Aikawa
650,Dead or Alive 2: Tôbôsha,Kenichi Endō
651,Dead or Alive 2: Tôbôsha,Shinya Tsukamoto
652,Dead or Alive 2: Tôbôsha,Edison Chen
653,Dead or Alive 2: Tôbôsha,Ren Osugi
654,Dead or Alive 2: Tôbôsha,Masato
655,Dead or Alive 2: Tôbôsha,Tōru Tezuka
656,Narcosys,Wagner Moura
657,Narcosys,Pedro Pascal
658,Narcosys,Boyd Holbrook
659,Narcosys,Alberto Ammann
660,Narcosys,Paulina Gaitán
661,Narcosys,Diego Luna
662,Narcosys,José María Yazpik
663,Narcosys,Joanna Christie
664,Kilimanjaro,Gregory Peck
665,Kilimanjaro,Ava Gardner
666,Kilimanjaro,Susan Hayward
667,Kilimanjaro,Hildegard Knef
668,Kilimanjaro,Helene Stanley
669,Kilimanjaro,Leo G. Carroll
670,Kilimanjaro,Marcel Dalio
671,Kilimanjaro,Torin Thatcher
672,La dama de rojo,Gene Wilder
673,La dama de rojo,Kelly LeBrock
674,La dama de rojo,Charles Grodin
675,La dama de rojo,Gilda Radner
676,La dama de rojo,Judith Ivey
677,La dama de rojo,Joseph Bologna
678,La dama de rojo,Milt Kogan
679,La dama de rojo,Kyle T. Heffner
680,Night All Day,Ashton Sanders
681,Night All Day,Jeffrey Wright
682,Night All Day,Isaiah John
683,Night All Day,Kelly Jenrette
684,Night All Day,Shakira Ja'nai Paye
685,Night All Day,Yahya Abdul-Mateen II
686,Night All Day,Regina Taylor
687,Night All Day,Christopher Meyer
688,Baaghi,Tiger Shroff
689,Baaghi,Shraddha Kapoor
690,Baaghi,Sudheer Babu
691,Baaghi,Shaurya Bharadwaj
692,Baaghi,Sunil Grover
693,Baaghi,Sanjai Mishra
694,Baaghi,Sumit Gulati
695,Baaghi,Paras Arora
696,Cuenta saldada,Danny Trejo
697,Cuenta saldada,Luis Gatica
698,Cuenta saldada,Jaime Fernández
699,Cuenta saldada,Gerardo Albarrán
700,Cuenta saldada,Bruno Rey
701,Cuenta saldada,Mayte Carol
702,Cuenta saldada,Hugo Del Valle
703,Cuenta saldada,Roberto Gómez
704,Semilla de odio,Anne Baxter
705,Semilla de odio,Ralph Bellamy
706,Semilla de odio,Aline MacMahon
707,Semilla de odio,Ruth Warrick
708,Semilla de odio,Scott McKay
709,Semilla de odio,Margaret Hamilton
710,Semilla de odio,Jerome Cowan
711,Semilla de odio,Marie McDonald
712,La texana maldita,Alfredo Gutierrez
713,La texana maldita,Luis Gatica
714,La texana maldita,Eleazar García Jr.
715,La texana maldita,Jorge Almada
716,La texana maldita,Flavio Peniche
717,La texana maldita,Amin Gomez
718,La texana maldita,Gibrán González
719,La texana maldita,Víctor Ortiz
720,Tunay na tunay: Gets mo? Gets ko!,Robin Padilla
721,Tunay na tunay: Gets mo? Gets ko!,Jolina Magdangal
722,Tunay na tunay: Gets mo? Gets ko!,J.R. Herrera
723,Tunay na tunay: Gets mo? Gets ko!,Vic Díaz
724,Tunay na tunay: Gets mo? Gets ko!,Bearwin Meily
725,Tunay na tunay: Gets mo? Gets ko!,Reynaldo Castro
726,Tunay na tunay: Gets mo? Gets ko!,"Efren Reyes, Jr."
727,Tunay na tunay: Gets mo? Gets ko!,Roldan Aquino
728,Most Wanted,Julian McMahon
729,Most Wanted,Alexa Davalos
730,Most Wanted,Dylan McDermott
731,Most Wanted,Roxy Sternberg
732,Most Wanted,Keisha Castle-Hughes
733,Most Wanted,Kellan Lutz
734,Most Wanted,Nathaniel Arcand
735,Most Wanted,Shantel VanSanten
736,Matalino man ang matsing naiisahan din!,Eddie García
737,Matalino man ang matsing naiisahan din!,Willie Revillame
738,Matalino man ang matsing naiisahan din!,Rez Cortez
739,Matalino man ang matsing naiisahan din!,Patricia Javier
740,Matalino man ang matsing naiisahan din!,Rico J. Puno
741,Matalino man ang matsing naiisahan din!,Jose Balagtas
742,Matalino man ang matsing naiisahan din!,Joanne Quintas
743,Matalino man ang matsing naiisahan din!,Eddie Arenas
744,Testigo,François Cluzet
745,Testigo,Sami Bouajila
746,Testigo,Denis Podalydès
747,Testigo,Simon Abkarian
748,Testigo,Alba Rohrwacher
749,Testigo,Christian Hening
750,Testigo,Olivier Bony
751,Testigo,Aurélie Valat
752,The Drop,James Gandolfini
753,The Drop,Tom Hardy
754,The Drop,Noomi Rapace
755,The Drop,Matthias Schoenaerts
756,The Drop,John Ortiz
757,The Drop,Michael Aronov
758,The Drop,James Frecheville
759,The Drop,Morgan Spector
760,Bandolero,James Stewart
761,Bandolero,Raquel Welch
762,Bandolero,Dean Martin
763,Bandolero,George Kennedy
764,Bandolero,Andrew Prine
765,Bandolero,Will Geer
766,Bandolero,Denver Pyle
767,Bandolero,Clint Ritchie
768,23 Hours,Jeimy Osorio
769,23 Hours,Joealis Filippetti
770,23 Hours,Modesto Lacen
771,23 Hours,Julitza Berberena
772,23 Hours,Jazmín Caratini
773,23 Hours,Magali Carrasquillo
774,23 Hours,Luz María Rondón
775,23 Hours,Brian Tester
776,Barrio sin ley,Nancy Isime
777,Barrio sin ley,Chidi Mokeme
778,Barrio sin ley,Ali Nuhu
779,Barrio sin ley,Richard Mofe-Damijo
780,Barrio sin ley,Nse Ikpe-Etim
781,Barrio sin ley,Mercy Eke
782,Barrio sin ley,Ini Edo
783,Barrio sin ley,Sola Sobowale
784,Horas contadas,Chris Pine
785,Horas contadas,Casey Affleck
786,Horas contadas,Ben Foster
787,Horas contadas,Eric Bana
788,Horas contadas,Holliday Grainger
789,Horas contadas,Kyle Gallner
790,Horas contadas,John Ortiz
791,Horas contadas,Rachel Brosnahan
792,Maten al cazador,Luis Gatica
793,Maten al cazador,Diana Golden
794,Maten al cazador,Juan Carlos Serrán
795,Maten al cazador,Gerardo Albarrán
796,Maten al cazador,Carlos Stiwell
797,Maten al cazador,Patricia Páramo
798,Maten al cazador,Mario Arévalo
799,Maten al cazador,Rubén Gondray
800,Kahit demonyo itutumba ko,Rommel Padilla
801,Kahit demonyo itutumba ko,Jean Garcia
802,Kahit demonyo itutumba ko,Paquito Diaz
803,Kahit demonyo itutumba ko,Romy Diaz
804,Kahit demonyo itutumba ko,Vic Díaz
805,Kahit demonyo itutumba ko,Jose 'Boy' Aguilar
806,Kahit demonyo itutumba ko,Boy Alano
807,Kahit demonyo itutumba ko,Bob Soler
808,Sultaan,Meryem Uzerli
809,Sultaan,Halit Ergenç
810,Sultaan,Burak Özçivit
811,Sultaan,Nur Fettahoğlu
812,Sultaan,Cansu Dere
813,Sultaan,Pelin Karahan
814,Sultaan,Selma Ergeç
815,Sultaan,Vahide Perçin
816,Kaze wo mita shônen,Yumi Adachi
817,Kaze wo mita shônen,Aki Maeda
818,Kaze wo mita shônen,Mari Natsuki
819,Kaze wo mita shônen,Keiko Toda
820,Kaze wo mita shônen,Takashi Naitō
821,Kaze wo mita shônen,Teruhiko Aoi
822,Kaze wo mita shônen,Hideko Hara
823,Kaze wo mita shônen,Hiro Tsunoda
824,Dard Pardesaan De,Deepshika
825,Dard Pardesaan De,Upasana Singh
826,Dard Pardesaan De,Sudesh Lehri
827,Dard Pardesaan De,Avinash Wadhawan
828,Dard Pardesaan De,Balvinder Singh Suri
829,Dard Pardesaan De,Vijay Tandon
830,Dard Pardesaan De,Baby Priya
831,Dard Pardesaan De,Nishan Singh Thinda
832,Akin ang labang ito,Ace Espinosa
833,Akin ang labang ito,Eddie Gutiérrez
834,Akin ang labang ito,Ramon Gutierrez
835,Akin ang labang ito,Ynez Veneracion
836,Akin ang labang ito,Sylvia Sanchez
837,Akin ang labang ito,Romy Diaz
838,Akin ang labang ito,Berting Labra
839,Akin ang labang ito,Bob Soler
840,Patthar Aur Payal,Dharmendra
841,Patthar Aur Payal,Vinod Khanna
842,Patthar Aur Payal,Hema Malini
843,Patthar Aur Payal,Ajit Khan
844,Patthar Aur Payal,Rajendra Nath
845,Patthar Aur Payal,Jayshree T.
846,Patthar Aur Payal,Iftekhar
847,Patthar Aur Payal,Joginder Shelly
848,Sastra,Çağatay Ulusoy
849,Sastra,Şifanur Gül
850,Sastra,Olgun Şimşek
851,Sastra,Salih Bademci
852,Sastra,Berrak Tüzünataç
853,Sastra,Ece Sükan
854,Sastra,Evrim Alasya
855,Sastra,Vedat Erincin
856,Duplicity,Julia Roberts
857,Duplicity,Clive Owen
858,Duplicity,Paul Giamatti
859,Duplicity,Tom Wilkinson
860,Duplicity,Lisa Roberts Gillan
861,Duplicity,David Shumbris
862,Duplicity,Dan Daily
863,Duplicity,Sandy Hamilton
864,Apocalipsis Nuclear,Don Johnson
865,Apocalipsis Nuclear,L. Q. Jones
866,Apocalipsis Nuclear,Susanne Benton
867,Apocalipsis Nuclear,Jason Robards
868,Apocalipsis Nuclear,Tim McIntire
869,Apocalipsis Nuclear,Alvy Moore
870,Apocalipsis Nuclear,Ron Feinberg
871,Apocalipsis Nuclear,Don Carter
872,Supercop.com,Anthony Wong
873,Supercop.com,Ken Lo
874,Supercop.com,Cynthia Khan
875,Supercop.com,Angela Tong
876,Supercop.com,Phillip Ko
877,Supercop.com,Benny Lai
878,Supercop.com,Tiger Kim
879,Supercop.com,Wing-Fu Fok
880,Jurassic Park III,Sam Neill
881,Jurassic Park III,Laura Dern
882,Jurassic Park III,Téa Leoni
883,Jurassic Park III,William H. Macy
884,Jurassic Park III,Alessandro Nivola
885,Jurassic Park III,Trevor Morgan
886,Jurassic Park III,Michael Jeter
887,Jurassic Park III,Taylor Nichols
888,Vidocq,Gérard Depardieu
889,Vidocq,Guillaume Canet
890,Vidocq,Inés Sastre
891,Vidocq,André Dussollier
892,Vidocq,Isabelle Renauld
893,Vidocq,Edith Scob
894,Vidocq,André Penvern
895,Vidocq,Moussa Maaskri
896,Final Fantasy: The Spirits Within,Ming-Na Wen
897,Final Fantasy: The Spirits Within,Alec Baldwin
898,Final Fantasy: The Spirits Within,Steve Buscemi
899,Final Fantasy: The Spirits Within,Donald Sutherland
900,Final Fantasy: The Spirits Within,Ving Rhames
901,Final Fantasy: The Spirits Within,Peri Gilpin
902,Final Fantasy: The Spirits Within,James Woods
903,Final Fantasy: The Spirits Within,Jean Simmons
904,15 Minutes,Robert De Niro
905,15 Minutes,Edward Burns
906,15 Minutes,Kelsey Grammer
907,15 Minutes,Vera Farmiga
908,15 Minutes,Avery Brooks
909,15 Minutes,Melina Kanakaredes
910,15 Minutes,Karel Roden
911,15 Minutes,Kim Cattrall
912,Osmosis Jones,Bill Murray
913,Osmosis Jones,Chris Rock
914,Osmosis Jones,Laurence Fishburne
915,Osmosis Jones,Elena Franklin
916,Osmosis Jones,David Hyde Pierce
917,Osmosis Jones,Chris Elliott
918,Osmosis Jones,Molly Shannon
919,Osmosis Jones,William Shatner
920,A Knight's Tale,Heath Ledger
921,A Knight's Tale,Shannyn Sossamon
922,A Knight's Tale,Paul Bettany
923,A Knight's Tale,Rufus Sewell
924,A Knight's Tale,Mark Addy
925,A Knight's Tale,Alan Tudyk
926,A Knight's Tale,James Purefoy
927,A Knight's Tale,Laura Fraser
928,Texas Rangers,Ashton Kutcher
929,Texas Rangers,James van der Beek
930,Texas Rangers,Dylan McDermott
931,Texas Rangers,Usher
932,Texas Rangers,Rachael Leigh Cook
933,Texas Rangers,Tom Skerritt
934,Texas Rangers,Randy Travis
935,Texas Rangers,Robert Patrick
936,Birds of Passage,José Acosta
937,Birds of Passage,Carmiña Martínez
938,Birds of Passage,Natalia Reyes
939,Birds of Passage,Greider Meza
940,Birds of Passage,Sergio Coen
941,Birds of Passage,Luisa Alfaro
942,Birds of Passage,Sebastian Celis
943,Birds of Passage,Jhon Narváez
