,0
0,Jerome Elston Scott
1,Nicholas Downs
2,Heather Bergdahl
3,Michael Warren
4,Joyce Guy
5,Joanna Cassidy
6,Bill Moseley
7,Micah Stuart
8,Mandy Moore
9,Zachary Levi
10,Donna Murphy
11,Nathan Greno
12,Jeffrey Tambor
13,Ron Perlman
14,Byron Howard
15,Paul F. Tompkins
16,Eddie Kaye Thomas
17,Eddie Guerra
18,Donald Faison
19,Abraham Benrubi
20,Jaime Pressly
21,Roselyn Sánchez
22,Molly Sims
23,Jon Polito
24,Steve Carell
25,Paul Rudd
26,Jemaine Clement
27,Zach Galifianakis
28,Stéphanie Szostak
29,Bruce Greenwood
30,Lucy Punch
31,Ron Livingston
32,Lee Unkrich
33,Tom Hanks
34,Tim Allen
35,Michael Keaton
36,Joan Cusack
37,Ned Beatty
38,Wallace Shawn
39,Bonnie Hunt
40,Michael Cera
41,Mary Elizabeth Winstead
42,Aubrey Plaza
43,Kieran Culkin
44,Chris Evans
45,Brie Larson
46,Jason Schwartzman
47,Ellen Wong
48,Kelly Brook
49,Elisabeth Shue
50,Jessica Szohr
51,Christopher Lloyd
52,Jerry O'Connell
53,Richard Dreyfuss
54,Eli Roth
55,Ving Rhames
56,Judy Greer
57,Patrick Wilson
58,Chloë Sevigny
59,Jean Smart
60,Malcolm McDowell
61,Barry Habib
62,Colin Hanks
63,Cybill Shepherd
64,Anna Karina
65,Jean-Paul Belmondo
66,Jean-Claude Brialy
67,Catherine Demongeot
68,Dorothée Blanck
69,Gérard Hoffmann
70,Noel Pacquin
71,György Cserhalmi
72,Joey King
73,Selena Gomez
74,Ginnifer Goodwin
75,John Corbett
76,Josh Duhamel
77,Bridget Moynahan
78,Sandra Oh
79,Hutch Dano
80,Brendan Fraser
81,Brooke Shields
82,Ken Jeong
83,Matt Prokop
84,Skyler Samuels
85,Angela Kinsey
86,Patrice O’Neal
87,Eugene Cordero
88,Anne Hathaway
89,Jake Gyllenhaal
90,Oliver Platt
91,Gabriel Macht
92,Katheryn Winnick
93,Josh Gad
94,Hank Azaria
95,Keir Gilchrist
96,Emma Roberts
97,Dana DeVestern
98,Viola Davis
99,Lauren Graham
100,Ben Folstein
101,Jim Gaffigan
102,Carla Peterson
103,Luisana Lopilato
104,Peto Menahem
105,Luis Machín
106,Fabio Di Tomaso
107,Mariano Martínez
108,Mirta Wons
109,Alice Eve
110,Jay Baruchel
111,T. J. Miller
112,Krysten Ritter
113,Mike Vogel
114,Lindsay Sloane
115,Nate Torrence
116,Trevor Eve
117,Julia Roberts
118,Jessica Biel
119,Jennifer Garner
120,Bradley Cooper
121,Taylor Swift
122,Jamie Foxx
123,Taylor Lautner
124,Madeline Carroll
125,Callan McAuliffe
126,Morgan Lily
127,Israel Broussard
128,Stefanie Scott
129,Cody Horn
130,Kevin Weisman
131,John Mahoney
132,Nobuya Shimamoto
133,David Krae
134,Christopher Russell
135,Aaron Poole
136,Sarain Boylan
137,Walter Alza
138,Steven P. Park
139,Jasmin Geljo
140,Tim Sullivan
141,Lin Shaye
142,Andrea Leon
143,Christa Campbell
144,Nivek Ogre
145,Clifford Allen Wagner
146,Adam Robitel
147,Catherine Keener
148,Rebecca Hall
149,Amanda Peet
150,Sarah Steele
151,Lois Smith
152,Elizabeth Keener
153,John Srednicki
154,Ben Gourley
155,Jason Mewes
156,Izabella Miko
157,Lindsey McKeon
158,Sunny Mabrey
159,Zack Ward
160,Patrick Muldoon
161,Rhett Willman
162,Amanda Seyfried
163,Christopher Egan
164,Vanessa Redgrave
165,Gael García Bernal
166,Franco Nero
167,Giordano Formenti
168,Marcia DeBonis
169,Paolo Arvedi
170,Mike Myers
171,Mike Mitchell
172,Walt Dohrn
173,Eddie Murphy
174,Cameron Diaz
175,Antonio Banderas
176,Conrad Vernon
177,Cody Cameron
178,Gerard Butler
179,America Ferrera
180,Kristen Wiig
181,Jonah Hill
182,Christopher Mintz-Plasse
183,Craig Ferguson
184,Carice van Houten
185,Waldemar Torenstra
186,Marcel Hensema
187,Jaap Spijkers
188,Maike Meijer
189,Gijs de Lange
190,Willem de Wolf
191,Myranda Jongeling
192,Lee Ji-ah
193,Eugene
194,Um Ki-joon
195,Han Ji-hyun
196,Kim Hyun-soo
197,Park Eun-seok
198,Yoon Jong-hoon
199,Jo Soo-min
200,Ben Stiller
201,Robert De Niro
202,Owen Wilson
203,Dustin Hoffman
204,Teri Polo
205,Jessica Alba
206,Barbra Streisand
207,Blythe Danner
208,Bow Wow
209,Brandon T. Jackson
210,Ice Cube
211,Teairra Marí
212,Terry Crews
213,Loretta Devine
214,Naturi Naughton
215,Mike Epps
216,Timothy Hutton
217,Mira Sorvino
218,Mario Van Peebles
219,Dana Delany
220,Stockard Channing
221,India Ennenga
222,Aileen Quinn
223,Brett Berg
224,Will Ferrell
225,Tom McGrath
226,Tina Fey
227,Brad Pitt
228,Justin Theroux
229,David Cross
230,Tom Cruise
231,Paul Dano
232,Peter Sarsgaard
233,Maggie Grace
234,Marc Blucas
235,Jordi Mollà
236,Brandon Routh
237,Sam Huntington
238,Anita Briem
239,Taye Diggs
240,Peter Stormare
241,James Landry Hébert
242,Kurt Angle
243,Courtney J. Clark
244,Jennifer Aniston
245,Jason Sudeikis
246,Cathy Moriarty
247,Christine Baranski
248,Carol Kane
249,Joel Marsh Garland
250,Dorian Missick
251,Arushi Sharma
252,Sara Ali Khan
253,Kartik Aaryan
254,Monika Panwar
255,Pranati Rai Prakash
256,Randeep Hooda
257,Amrita Arora
258,Simone Singh
259,Clea DuVall
260,Lisa Kudrow
261,Nat Faxon
262,Tony Hale
263,Jason Mantzoukas
264,Will Forte
265,Sharon Horgan
266,Dax Shepard
267,Francisco Miguez
268,Denise Fraga
269,Caio Blat
270,Fiuk
271,Gustavo Machado
272,Brenda Lígia
273,Gabriela Rocha
274,Gabriel Illanes
275,Katherine Heigl
276,Alexis Clagett
277,Josh Lucas
278,Brooke Clagett
279,Brynn Clagett
280,Melissa McCarthy
281,Christina Hendricks
282,Marieta Severo
283,Paulo José
284,Mariana Ximenes
285,Milton Gonçalves
286,Vladimir Brichta
287,Walderez de Barros
288,Luisa Proserpio
289,Irandhir Santos
290,Prakriti Maduro
291,Elsa Camp
292,Carlos Enrique Almirante
293,Yuliet Cruz
294,Juan Carlos García
295,Yaikenis Rojas
296,Noel García
297,Larisa Vega Alamar
298,Damián Canduci
299,Verónica Pelaccini
300,Sabrina Garciarena
301,Lucas Crespi
302,Carlos Kaspar
303,Pascual Condito
304,Alejo Ortiz
305,Lucas Ferraro
306,Rainn Wilson
307,Michael C. Hall
308,Sarah Silverman
309,Ben Schwartz
310,Kate Mara
311,Taraji P. Henson
312,Ron Rifkin
313,Ashton Kutcher
314,Tom Selleck
315,Catherine O'Hara
316,Adeline Gorgos
317,Kevin Sussman
318,Rob Riggle
319,Kevin Hart
320,Clifton Powell
321,Kym Whitley
322,Donnell Rawlings
323,Tasha Smith
324,Chris Spencer
325,J. Anthony Brown
326,David Alan Grier
327,Juno Temple
328,Milla JOVOVICH
329,Jeremy Dozier
330,William H. Macy
331,Mary Steenburgen
332,Dwight Yoakam
333,Tim McGraw
334,Elsie Fisher
335,Johnny Knoxville
336,Bam Margera
337,Steve-O
338,Jeff Tremaine
339,Chris Pontius
340,Preston Lacy
341,Ehren McGhehey
342,Ryan Dunn
343,Helen Mirren
344,Joe Pesci
345,Gina Gershon
346,Sergio Peris-Mencheta
347,Bryan Cranston
348,Taryn Manning
349,Bai Ling
350,Scout Taylor-Compton
351,Harrison Ford
352,Rachel McAdams
353,Diane Keaton
354,Roger Michell
355,Jeff Goldblum
356,Alwin H. Küchler
357,Joseph J. Vargas
358,Alan Ford
359,Ralph Brown
360,Tomas Arana
361,Rosemary Leach
362,Velizar Binev
363,Jonathan Ryland
364,Yulian Vergov
365,Georgi Staykov
366,David A. R. White
367,Andrea Logan White
368,Gregg Binkley
369,Fred Willard
370,Jennifer Lyons
371,Clint Howard
372,Edie McClurg
373,Staci Keanan
374,Stephen Amell
375,Alexander Ludwig
376,Kelli Berglund
377,Alison Luff
378,Mike O'Malley
379,Mary McCormack
380,Chris Bauer
381,AJ Lee
382,Angie Cepeda
383,Juana Acosta
384,Quim Gutiérrez
385,Miren Ibarguren
386,Eduardo Blanco
387,Kiti Mánver
388,Diego Martín
389,Isabel Ordaz
390,Marlon Morton
391,Claire Sloma
392,Amanda Bauer
393,Brett Jacobsen
394,Mary Wardell
395,Jade Ramsey
396,Annette DeNoyer
397,Nikita Ramsey
398,Silverio Palacios
399,Camille Natta
400,Marius Biegai
401,Salvador Sánchez
402,Azalia Ortiz
403,Enrique Molina
404,Laura de la Uz
405,Santiago Alfonso
406,Louise Bourgoin
407,Mathieu Amalric
408,Jean-Paul Rouve
409,Gilles Lellouche
410,Laure de Clermont-Tonnerre
411,Jacky Nercessian
412,Nicolas Giraud
413,Bernard Lanneau
414,Bárbara Lennie
415,Oriol Vila
416,Ángela Cremonte
417,Eloy Azorín
418,Ramon Fontserè
419,Miriam Giovanelli
420,David Trueba
421,Isabelle Stoffel
422,Anthony Hopkins
423,Josh Brolin
424,Naomi Watts
425,Freida Pinto
426,Gemma Jones
427,Theo James
428,Rhys Ifans
429,David Thewlis
430,Christian McKay
431,Crispin Glover
432,Elsa Pataky
433,Jack Huston
434,Omid Djalili
435,Cole Sprouse
436,Dylan Sprouse
437,Chris Parnell
438,Alyson Stoner
439,Tom Kenny
440,Rodger Bumpass
441,Maile Flanagan
442,April Stewart
443,Ajay Devgan
444,Kajol
445,Tanuja
446,Delnaaz Irani
447,Sanjay Dutt
448,Sanjai Mishra
449,Mukesh Tiwari
450,Amey Pandya
451,Renée Zellweger
452,Forest Whitaker
453,Nick Nolte
454,Madeline Zima
455,Elias Koteas
456,Chandler Frantz
457,Tim Parati
458,Bill Ladd
459,Kevin Spacey
460,George Hickenlooper
461,Barry Pepper
462,Jon Lovitz
463,Kelly Preston
464,Rachelle Lefevre
465,Hannah Endicott-Douglas
466,Xenia Siamas
467,Ray Liotta
468,Sigourney Weaver
469,Julie Bowen
470,Jeanne Tripplehorn
471,Kelsey Grammer
472,J. K. Simmons
473,Robert Baker
474,Zachary Gordon
475,Robert Capron
476,Devon Bostick
477,Chloë Grace Moretz
478,Steve Zahn
479,Rachael Harris
480,Laine MacNeil
481,Grayson Russell
482,Ricky Gervais
483,Stephen Merchant
484,Jack Doolan
485,Ralph Fiennes
486,Christian Cooke
487,Tom Hughes
488,Felicity Jones
489,Matthew Goode
490,Jennifer Lopez
491,Alex O'Loughlin
492,Michaela Watkins
493,Tom Bosley
494,Anthony Anderson
495,Linda Lavin
496,Eric Christian Olsen
497,Chris Messina
498,Bailee Madison
499,John Shea
500,Sônia Braga
501,Ashlie Atkinson
502,Sophie Nyweide
503,Justin Long
504,Christina Ricci
505,Dennis Hopper
506,Danny Glover
507,Hayden Panettiere
508,Brian Donovan
509,Vicki Lewis
510,Christine Lakin
511,Carla Gugino
512,Carel Struycken
513,Henry Thomas
514,Kate Siegel
515,Chiara Aurelia
516,James Flanagan
517,Natalie Roers
518,Adam Scott
519,Dominique McElligott
520,John Lithgow
521,Tony Rohr
522,Kaitlin Olson
523,Ian McElhinney
524,Noel O'Donovan
525,Keanu Reeves
526,James Caan
527,Vera Farmiga
528,Fisher Stevens
529,Steve Beauchamp
530,Bill Duke
531,Cameron Richardson
532,Sophie Monk
533,Chris Kattan
534,Tia Carrere
535,Tom Arnold
536,Alexis Arquette
537,Bobby Lee
538,Sticky Fingaz
539,Russell Brand
540,Rose Byrne
541,Sean Combs
542,Elisabeth Moss
543,Colm Meaney
544,Christina Aguilera
545,Lars Ulrich
546,John Cusack
547,Rob Corddry
548,Clark Duke
549,Craig Robinson
550,Chevy Chase
551,Lizzy Caplan
552,Collette Wolfe
553,Robert Downey Jr.
554,Todd Phillips
555,Michelle Monaghan
556,Danny McBride
557,Juliette Lewis
558,Nathalie Fay
559,Greta Gerwig
560,Jennifer Jason Leigh
561,Koby Rouviere
562,Mark Duplass
563,Dave Franco
564,Emily Blunt
565,Bill Nighy
566,Rupert Grint
567,Rupert Everett
568,Eileen Atkins
569,Rory Kinnear
570,Martin Freeman
571,Jonathan Lynn
572,Ian Somerhalder
573,Josh Meyers
574,Eugene Byrd
575,Lindsay Richards
576,Catherine Reitman
577,James Hong
578,Mallika Sherawat
579,Irrfan Khan
580,Tony Ciccone
581,Govind Menon
582,Divya Dutta
583,Mahmoud Babai
584,Jeff Doucette
585,Raman Trikka
586,Richard Gere
587,Steve Buscemi
588,Michael Sheen
589,Lior Ashkenazi
590,Dan Stevens
591,Charlotte Gainsbourg
592,Josh Charles
593,Aaron Taylor-Johnson
594,Lyndsy Fonseca
595,Evan Peters
596,Mark Strong
597,Omari Hardwick
598,Martin Compston
599,Alfie Allen
600,Nichola Burley
601,Huey Morgan
602,Pat Shortt
603,Hannah Crighton
604,Craig Parkinson
605,Gérard Depardieu
606,Safy Nebbou
607,Benoît Poelvoorde
608,Mélanie Thierry
609,Roger Dumas
610,Dominique Blanc
611,Catherine Mouchet
612,Jean-Christophe Bouvet
613,Mario Casas
614,Dámaso Conde
615,Macarena Gómez
616,María Zamarbide
617,Blanca Suárez
618,Ángela Molina
619,Vicente Romero Sánchez
620,Darío Grandinetti
621,Sarah Jessica Parker
622,Kim Cattrall
623,Kristin Davis
624,Chris Noth
625,Willie Garson
626,Liza Minnelli
627,David Eigenberg
628,David E. Lane
629,Johnny Dowers
630,Garrett Morris
631,Geoffrey Lewis
632,W. Earl Brown
633,Micol Bartolucci
634,Frances Bay
635,Geraldine Keams
636,Pascal Greggory
637,Jonathan Zaccaï
638,Léo Legrand
639,Laura Moisson
640,Laura Martin
641,Alexandra Maria Lara
642,Pierre-Louis Bellet
643,Tania Garbarski
644,Michael Gwisdek
645,Samuel Schneider
646,Thomas Bading
647,Claudia Geisler-Bading
648,Robin Reichelt
649,John Venzke
650,Charleen Deetz
651,Meret Becker
652,Danielle Harris
653,Tony Todd
654,Kane Hodder
655,R. A. Mihailoff
656,Parry Shen
657,Alexis Kendra
658,A. J. Bowen
659,Tom Holland
660,Jackie Chan
661,Alina Foley
662,Will Shadley
663,Amber Valletta
664,George Lopez
665,Lucas Till
666,Magnús Scheving
667,Margherita Buy
668,Francesca Inaudi
669,Luciana Littizzetto
670,Fabio Volo
671,Marisa Berenson
672,Mohammad Bakri
673,Mehmet Günsür
674,Massimo De Francovich
675,Emma Suárez
676,Eduard Fernández
677,Geraldine Chaplin
678,Martina García
679,Fermí Reixach
680,Àlex Brendemühl
681,Àlex Batllori
682,Marcos Franz
683,Ola Simonsson
684,Sanna Persson
685,Johannes Björk
686,Marcus Haraldson Boij
687,Magnus Börjeson
688,Anders Vestergard
689,Fredrik Myhr
690,Paula McManus
691,Mark Wahlberg
692,Mark Ruffalo
693,Leighton Meester
694,James Franco
695,Olivia Munn
696,Emma Stone
697,Amanda Bynes
698,Penn Badgley
699,Stanley Tucci
700,Alyson Michalka
701,Dan Byrd
702,Patricia Clarkson
703,Rosamund Pike
704,Zoe Saldaña
705,Dylan McDermott
706,Lake Bell
707,Jamie Chung
708,Paz Vega
709,Nick Stahl
710,Shannen Doherty
711,Jemma Powell
712,Matthew Butler-Hart
713,Giles Alderson
714,Alix Wilton Regan
715,Zafreen
716,Catherine Kenyon
717,Katia Winter
718,Luke de Lacey
719,Bette Midler
720,James Marsden
721,Christina Applegate
722,Chris O'Donnell
723,Neil Patrick Harris
724,Katt Williams
725,Michael Clarke Duncan
726,Jamie Tisdale
727,Dustin Ingram
728,Jay Malack
729,Keith David
730,Brian Dennehy
731,Kevin Scollin
732,Benjamin Brennan
733,Lucas Grabeel
734,David Hasselhoff
735,Bree Turner
736,Patrick Gallagher
737,Kang Jung-hwa
738,Gary Hudson
739,Drew Scott
740,Terryn Westbrook
741,Rosa María Sardà
742,Sonsoles Benedicto
743,Pilar Bardem
744,Mariana Cordero
745,María Barranco
746,Teresa Manresa
747,Lluís Marco
748,Rachel Bilson
749,Tom Sturridge
750,Richard Jenkins
751,Scott Mechlowicz
752,Nikki Blonsky
753,Jaime King
754,Nelson Franklin
755,Julian McMahon
756,Alexa Davalos
757,Roxy Sternberg
758,Keisha Castle-Hughes
759,Kellan Lutz
760,Nathaniel Arcand
761,Shantel VanSanten
762,Lindsey Shaw
763,Gary Entin
764,Josslyn DeCrosta
765,Blake Baskin
766,Christina Corigliano
767,Shannon Freyer
768,Robert Adamson
769,Dan Aykroyd
770,Tom Cavanagh
771,Anna Faris
772,Justin Timberlake
773,Josh Robert Thompson
774,Andrew Daly
775,Nate Corddry
776,Danny Trejo
777,Cristobal Krusen
778,Gary Moore
779,Brandon Hardesty
780,Tom Ohmer
781,David Krusen
782,Kera O'Bryon
783,Elisabeth Omilami
784,Lance Gross
785,Carlos Mencia
786,Regina King
787,Anjelah Johnson
788,Joseph Mencia
789,Charlie Murphy
790,Peaches Christ
791,Natasha Lyonne
792,Cassandra Peterson
793,Noah Segan
794,Jack Donner
795,Thomas Dekker
796,Mink Stole
797,John Landis
798,Robert Forster
799,Joe Dante
800,Eddie Muller
801,Fred Olen Ray
802,Herschell Gordon Lewis
803,Larry Cohen
804,William Lustig
805,Mark Ivanir
806,Sylwia Drori
807,Gila Almagor
808,Roni Koren
809,Erez Sharvit
810,Ziv Laufer
811,Rozina Cambos
812,Noah Silver
813,Ciara Bravo
814,Leo Woodall
815,Harry Holland
816,Bill Skarsgård
817,Michael Gandolfini
818,Jeffrey Wahlberg
819,Stefan Johnson
820,Lee-Hom Wang
821,Rongguang Yu
822,Wang Baoqiang
823,Lin Peng
824,Ken Lo
825,Dongmei Xu
826,Wu Yue
827,Shabana Azmi
828,Goldy Notay
829,Sanjeev Bhaskar
830,Sendhil Ramamurthy
831,Sally Hawkins
832,Zoë Wanamaker
833,Mark Addy
834,Jimi Mistry
835,Simon Pegg
836,Andy Serkis
837,Tim Curry
838,Tom Wilkinson
839,Isla Fisher
840,Jessica Hynes
841,Michael Smiley
842,Christopher Lee
843,Jack Black
844,Jason Segel
845,Billy Connolly
846,Catherine Tate
847,James Corden
848,Peter Dinklage
849,Matthew Macfadyen
850,Alan Tudyk
851,Keeley Hawes
852,Daisy Donovan
853,Ewen Bremner
854,Andy Nyman
855,Rupert Graves
856,Pierre Coffin
857,Miranda Cosgrove
858,Dana Gaier
859,Chris Renaud
860,Nebojša Glogovac
861,Anica Dobra
862,Nada Šargin
863,Branka Katić
864,Janoš Tot
865,Jasna Žalica
866,Nikola Rakočević
867,Nikola Đuričko
868,Joe Nussbaum
869,Gary Kurtz
870,Anthony Waye
871,Chris Gore
872,Matt Cohen
873,Dale Pollock
874,Rich Evans
875,Brian Comerford
876,Tarek Bakhari
877,Élodie Yung
878,Zinedine Soualem
879,Marco Zbinden
880,Pascal Holzer
881,Jean-Luc Bideau
882,Gilles Tschudi
883,Jean-Paul Favre
884,David Hyde Pierce
885,Clayne Crawford
886,Nathaniel Parker
887,Indira G. Wilson
888,Megahn Perry
889,Helen Reddy
890,Tyrees Allen
891,George Cheung
892,Ford Austin
893,Randal Malone
894,Ethan Phillips
895,Art LaFleur
896,Harland Williams
897,Chris Watson
898,Bonnie Aarons
899,Jed Rowen
900,John C. Reilly
901,Marisa Tomei
902,Katie Aselton
903,Matt Walsh
904,Kathy Wittes
905,Jamie Donnelly
906,Juri Ueno
907,Hiroshi Tamaki
908,Eita Nagayama
909,Keisuke Koide
910,Asami Mizukawa
911,Eiji Wentz
912,Yū Yamada
913,Takeshi Nadagi
914,Lily Javaherpour
915,Ravi Kapoor
916,Meera Simhan
917,Keya Shah
918,Bella Thorne
919,Alison Brie
920,Maulik Pancholy
921,James Morrison
922,Jack Roberts
923,Justin Monroe
924,Peter Bedgood
925,Marshall Bell
926,Aaron Moreland
927,Julia Self
928,Lucas Mackay Smith
929,Cassidy Seggern
930,Joseph Gordon-Levitt
931,Timothy Olyphant
932,Malin Åkerman
933,Marley Shelton
934,Emmanuelle Chriqui
935,Adrianne Palicki
936,Kathleen Quinlan
937,Riz Ahmed
938,Nigel Lindsay
939,Adeel Akhtar
940,Kayvan Novak
941,Arsher Ali
942,Julia Davis
943,Wasim Zakir
944,Tanna Frederick
945,Noah Wyle
946,Sabrina Jalgom
947,Simon Jalgom
948,Christopher Rydell
949,Peter Bogdanovich
950,Zack Norman
951,David Proval
952,Timothy Spall
953,Rhona Mitra
954,James Callis
955,Blake Harrison
956,Honor Blackman
957,Louise Brealey
958,Theo Stevenson
959,Hugh O'Conor
960,Asun Ortega
961,Jessica Elder
962,Maxie Santillan Jr.
963,Ayçıl Yeltan
964,Ivet Corvea
965,Perry D'Marco
966,Devanny Pinn
967,Bill Oberst Jr.
968,Jan Švankmajer
969,Zuzana Kronerová
970,Marcel Nemec
971,Klára Issová
972,Pavel Nový
973,Jana Oľhová
974,Václav Helšus
975,Johana Krtičková
976,Philip Rosenthal
977,Ray Romano
978,Alexandr Zhigalkin
979,Peter Boyle
980,Shaban Muslimov
981,Stanislav Duzhnikov
982,Anna Frolovtseva
983,Boris Kliúyev
984,Joaquin Phoenix
985,Casey Affleck
986,Larry McHale
987,Jack Nicholson
988,Bruce Willis
989,Danny DeVito
990,David Letterman
991,Carmen Machi
992,Roger Príncep
993,Christopher Downs
994,Fernando Cayo
995,Lluís Homar
996,Imanol Arias
997,Ana Cuesta
998,Kevin Kline
999,Celia Weston
1000,Katie Holmes
1001,John Pankow
1002,John Leighton
1003,Dan Hedaya
1004,Roberto Suárez
1005,Fernando Amaral
1006,César Troncoso
1007,Eugenia Guerty
1008,Diego De Paula
1009,Leo Maslíah
1010,Silvina Sabaté
1011,Arturo Goetz
1012,Pamela Anderson
1013,Peter Dante
1014,David Chokachi
1015,Julianna Guill
1016,Susan Ward
1017,Brock Kelly
1018,Drew Roy
1019,Max Van Ville
1020,Miranda Richardson
1021,Bob Hoskins
1022,Andrea Riseborough
1023,Philip Perry
1024,Jaime Winstone
1025,Daniel Mays
1026,Lea Thompson
1027,Andrew Lauer
1028,Wendie Malick
1029,Eric Lutes
1030,Amy Pietz
1031,Hunter Allan
1032,Gavin Gillette
1033,Ryil Adamson
1034,Adam Sandler
1035,Kevin James
1036,David Spade
1037,Chris Rock
1038,Salma Hayek
1039,Rob Schneider
1040,Dennis Dugan
1041,Maya Rudolph
1042,Paul Gross
1043,Sienna Guillory
1044,Dustin Milligan
1045,Callum Keith Rennie
1046,Tyler Mane
1047,Graham Greene
1048,Michael Eklund
1049,Jody Racicot
1050,Bette Davis
1051,Joan Crawford
1052,Victor Buono
1053,Lynn Redgrave
1054,Julie Allred
1055,B. D. Hyman
1056,William M. Aldrich
1057,Tim Roth
1058,Alexandre Rockwell
1059,Mark Boone Junior
1060,Rosie Perez
1061,Seymour Cassel
1062,Michael Lerner
1063,Camilla Belle
1064,Heather Graham
1065,Virginia Madsen
1066,John Stamos
1067,Anna Schafer
1068,Tracy Morgan
1069,Seann William Scott
1070,Adam Brody
1071,Rashida Jones
1072,Jason Lee
1073,Cory Fernandez
1074,Michelle Trachtenberg
1075,Adam McKay
1076,Eva Mendes
1077,Samuel L. Jackson
1078,Dwayne Johnson
1079,Stellan Skarsgård
1080,Kjersti Holmen
1081,Bjørn Floberg
1082,Jannike Kruse
1083,Julia Bache-Wiig
1084,Jorunn Kjellsby
1085,Gard B. Eidsvold
1086,Aksel Hennie
1087,Melanie Kannokada
1088,Andreas Wilson
1089,Shruti Tewari
1090,Veronica Valencia
1091,Jessica Kitchens
1092,Rajiv Nema
1093,Karl Antony
1094,Vinata Karra
1095,Enrique Arce
1096,Mónica Cruz
1097,Anabel Alonso
1098,Miguel Barberá
1099,Vanesa Romero
1100,Anabell Rivero
1101,José Albarrán
1102,Sergio Caballero
1103,Cosima Henman
1104,Granz Henman
1105,Henry Horn
1106,Kaan Aydogdu
1107,Yassine Gourar
1108,Dario Flick
1109,Marvin Schlatter
1110,Benno Fürmann
1111,Emilio Rivera
1112,Erlinda Orozco
1113,Valente Rodriguez
1114,Demetrius Navarro
1115,Tom Lister Jr.
1116,John Amos
1117,Tasha Tacosa
1118,Tyler Perry
1119,Janet Jackson
1120,Richard T. Jones
1121,Michael Jai White
1122,Lamman Rucker
1123,Jill Scott
1124,Sharon Leal
1125,Kiefer Sutherland
1126,Fergie
1127,Lee Pace
1128,Sam Elliott
1129,Shahid Kapoor
1130,Genelia D'Souza
1131,Mohnish Bahl
1132,Vikas Bhalla
1133,Vijay Raaz
1134,Satish Shah
1135,Shiven Jain
1136,Bikramjeet Kanwarpal
1137,Bill Cobbs
1138,Lee Meriwether
1139,Dave Moody
1140,Josh Moody
1141,Jeff Rose
1142,Blake Michael
1143,Ashton Harrell
1144,Celeste Kellogg
1145,Gillian Jacobs
1146,Melanie Lynskey
1147,Corey Stoll
1148,Lee Tergesen
1149,Dominic Fumusa
1150,Dagmara Domińczyk
1151,Jessica Hecht
1152,Paul Fitzgerald
1153,Akshay Kumar
1154,Aishwarya Rai
1155,Aditya Roy Kapur
1156,Rannvijay Singh
1157,Neha Dhupia
1158,Randhir Kapoor
1159,Rajpal Yadav
1160,Om Puri
1161,Danielle Darrieux
1162,Clémence Poésy
1163,Jean-Pierre Marielle
1164,Jérémie Renier
1165,Léa Drucker
1166,Aurore Clément
1167,Julie Gayet
1168,Julie Depardieu
1169,Eric Roberts
1170,John-Paul Howard
1171,Eliza Roberts
1172,Tim Peyton
1173,Joe Estevez
1174,Paula Devicq
1175,Priscilla Barnes
1176,Anna Paquin
1177,Elijah Wood
1178,Rebecca Lawrence Levy
1179,Candice Bergen
1180,Mark Gantt
1181,Gabriel Tigerman
1182,Vanessa Marcil
1183,Brianne Davis
1184,Autumn Reeser
1185,Brynn Thayer
1186,Michael Ironside
1187,Riccardo Scamarcio
1188,Alessandro Preziosi
1189,Nicole Grimaudo
1190,Ilaria Occhini
1191,Ennio Fantastichini
1192,Elena Sofia Ricci
1193,Bianca Nappi
1194,Lunetta Savino
1195,Samuel Whitten
1196,Marcus Patrick
1197,Mindy Cohn
1198,Max Emerson
1199,Randy Jones
1200,Michael Musto
1201,Jack Mackenroth
1202,Hedda Lettuce
1203,Queen Latifah
1204,Common
1205,Paula Patton
1206,Pam Grier
1207,James Pickens Jr.
1208,Phylicia Rashād
1209,Mehcad Brooks
1210,Michael Landes
1211,Ezra Miller
1212,Zoë Kravitz
1213,Stefanie Y. Hong
1214,Griffin Newman
1215,Campbell Scott
1216,Jesse McCartney
1217,Amy Sedaris
1218,Steven Kaplan
1219,Kristen Bell
1220,Betty White
1221,Jamie Lee Curtis
1222,Odette Annable
1223,Kristin Chenoweth
1224,Jimmy Wolk
1225,William Brent
1226,Emma Thompson
1227,Maggie Gyllenhaal
1228,Oscar Steer
1229,Lil Woods
1230,Asa Butterfield
1231,Maggie Smith
1232,Eros Vlahos
1233,Ewan McGregor
1234,Mira Furlan
1235,Boris Ler
1236,Miki Manojlović
1237,Jelena Stupljanin
1238,Mario Knezović
1239,Milan Štrljić
1240,Almir Mehic
1241,Svetislav Goncić
1242,Christian De Sica
1243,Nicola Nocella
1244,Luca Zingaretti
1245,Laura Morante
1246,Massimo Bonetti
1247,Marcello Maietta
1248,Sydne Rome
1249,Pino Quartullo
1250,Eugenio Derbez
1251,Alejandra Barros
1252,Juan Ríos Cantú
1253,Monica Dionne
1254,Alberto Estrella
1255,Aarón Hernán
1256,Ricardo Kleinbaum
1257,Paul Giamatti
1258,Richard J. Lewis
1259,Minnie Driver
1260,Scott Speedman
1261,Jake Hoffman
1262,Gerald McCullouch
1263,Gregory Gunter
1264,Joe Conti
1265,Stephen Guarino
1266,James Martinez
1267,Brian Keane
1268,Alex Di Dio
1269,Jia Hongsheng
1270,Zhang Yang
1271,Tong Wang
1272,Jia Fengsen
1273,Chai Xiurong
1274,Zhu Hongmao
1275,Shun Xing
1276,Zhao Zuan
1277,Matthias Schweighöfer
1278,Christian Tramitz
1279,Alfred Dorfer
1280,Julia Hartmann
1281,Adele Neuhauser
1282,Jenny Riemann
1283,Hannes Ringlstetter
1284,Christian Ulmen
1285,Michaël Youn
1286,Jimmy Jean-Louis
1287,Catalina Denis
1288,Géraldine Nakache
1289,Didier Flamand
1290,Frédéric Chau
1291,Jean-Marie Lamour
1292,Natalia Dontcheva
1293,Irène Jacob
1294,Charlotte Rampling
1295,Bill Pullman
1296,Daniela Dams
1297,Jérôme Kircher
1298,Jean-Marc Roulot
1299,David Jarre
1300,Lesley Manville
1301,Jim Broadbent
1302,Ruth Sheen
1303,Karina Fernandez
1304,Imelda Staunton
1305,David Bradley
1306,Oliver Maltman
1307,Phil Davis
1308,Christian Keyes
1309,Tiffany Hines
1310,Angell Conwell
1311,Kareem Grimes
1312,Ayo Sorrells
1313,Debra Wilson
1314,Shillae Anderson
1315,Tiffany A. Rose
1316,Peter Serafinowicz
1317,Kelly Coffield Park
1318,Amelia Talbot
1319,Bonnie Somerville
1320,Christopher McDonald
1321,Kate Mulgrew
1322,Craig Roberts
1323,Yasmin Paige
1324,Paddy Considine
1325,Noah Taylor
1326,Sarah Pasquali
1327,Lydia Fox
1328,Lily McCann
1329,François Cluzet
1330,Marion Cotillard
1331,Jean Dujardin
1332,Louise Monot
1333,Laurent Lafitte
1334,Hocine Merabet
1335,Benoît Magimel
1336,Martin Sheen
1337,Emilio Estévez
1338,Renée Estévez
1339,James Nesbitt
1340,Deborah Kara Unger
1341,Yorick van Wageningen
1342,David Alexanian
1343,Spencer Garrett
1344,Selton Mello
1345,Ana Lúcia Torre
1346,Aramis Trindade
1347,Fabíula Nascimento
1348,André Guerreiro Lopes
1349,Germano Haiut
1350,Gorete Milagres
1351,Zé Carlos Machado
1352,Linas Phillips
1353,Davie-Blue
1354,Jim Fletcher
1355,Alex Karpovsky
1356,Christian Palmer
1357,Paul Lazar
1358,Sebastian Scandiuzzi
1359,Jack Bennett
1360,Omkar Das Manikpuri
1361,Aamir Khan
1362,Shalini Vatsa
1363,Raghubir Yadav
1364,Malaika Shenoy
1365,Nawazuddin Siddiqui
1366,Farrukh Jaffar
1367,Naseeruddin Shah
1368,Pierre Grimblat
1369,Mimi Le Meaux
1370,Julie Atlas Muz
1371,Antoine Gouy
1372,Joseph Roth
1373,Anne Benoît
1374,Julie Ferrier
1375,Pamela Tola
1376,Jasper Pääkkönen
1377,Timo Lavikainen
1378,Kari Ketonen
1379,Jussi Vatanen
1380,Miia Nuutila
1381,Sinikka Mokkila
1382,Erkki Hetta
1383,Gisèle Casadesus
1384,Sophie Guillemin
1385,Patrick Bouchitey
1386,François-Xavier Demaison
1387,Jean-François Stévenin
1388,Maurane
1389,Mélanie Bernier
1390,Allen Cognata
1391,Thea Gill
1392,Jason London
1393,Heather Tom
1394,Paul Diomede
1395,Tom Gibis
1396,Bud Stafford
1397,Molly Nutley
1398,Helena Bergström
1399,Jakob Eklund
1400,Reine Brynolfsson
1401,Rikard Wolff
1402,Jan Mybrand
1403,Tord Peterson
1404,Per Oscarsson
1405,Steve Bisley
1406,Josh Lawson
1407,Isabel Lucas
1408,Nadine Garner
1409,Essie Davis
1410,Adam Zwar
1411,Rhonda Burchmore
1412,Kestie Morassi
1413,Romain Duris
1414,Vanessa Paradis
1415,François Damiens
1416,Andrew Lincoln
1417,Helena Noguerra
1418,Jacques Frantz
1419,Philippe Lacheau
1420,Tyler Labine
1421,Eli Craig
1422,Katrina Bowden
1423,Chelan Simmons
1424,Jesse Moss
1425,Philip Granger
1426,Travis Nelson
1427,Marina Hands
1428,Guillaume Gallienne
1429,Julien Doré
1430,Jean-Jacques Vincent
1431,Hervé Pierre
1432,Noémie Lvovsky
1433,Benoît Bartherotte
1434,Micaela Ramazzotti
1435,Valerio Mastandrea
1436,Stefania Sandrelli
1437,Claudia Pandolfi
1438,Aurora Frasca
1439,Giacomo Bibbiani
1440,Fabrizia Sacchi
1441,Carlo Virzì
1442,Lorena Mateo
1443,Andrea Ros
1444,Ana Rayo
1445,Maxi Iglesias
1446,Guillermo Eced
1447,Marcel Borràs
1448,Lydia Fairén
1449,David Castillo
1450,Ryan Phillippe
1451,Billy Zane
1452,Timothy V. Murphy
1453,Val Kilmer
1454,Daniel Auteuil
1455,Laurence Badie
1456,Sabine Azéma
1457,Bernard Alane
1458,Medeea Marinescu
1459,Michel Crémadès
1460,Anne-Sophie Germanaz
1461,Agnès Boury
1462,Bellamy Young
1463,Frankie Shaw
1464,Leonora Pitts
1465,Ross Partridge
1466,Joshua Leonard
1467,Ken Kennedy
1468,Javier Cámara
1469,Íngrid Rubio
1470,Hugo Silva
1471,Juan Diego
1472,Tristán Ulloa
1473,Lluís Villanueva
1474,Kira Miró
1475,Philip Winchester
1476,Lacey Chabert
1477,Abigail Spencer
1478,Kelly Overton
1479,Michael Badalucco
1480,Amy Aquino
1481,Tim Draxl
1482,Nikita Mijalkov
1483,Nadezhda Mijalkova
1484,Oleg Ménshikov
1485,Yevgeny Mironov
1486,Vladimir Adolfovich Ilyin
1487,Serguéi Makovetski
1488,Dmitri Dyuzhev
1489,Andrey Merzlikin
1490,Candîce Hillebrand
1491,Cary-Hiroyuki Tagawa
1492,Lateef Crowder Dos Santos
1493,Luke Goss
1494,Gary Daniels
1495,Mircea Monroe
1496,Tamlyn Tomita
1497,Kareena Kapoor
1498,Satish Kaushik
1499,Aarti Chhabria
1500,Sarfaraz khan
1501,Kirron Kher
1502,Martin Dubreuil
1503,Claude Legault
1504,Rémy Girard
1505,Rose-Marie Coallier
1506,Pascale Delhaes
1507,Fanny Mallette
1508,Alexandre Goyette
1509,Dominique Quesnel
1510,Roberto Enríquez
1511,Emilio Gutiérrez Caba
1512,Alicia Borrachero
1513,Ana Gracia
1514,Rubén Ochandiano
1515,Yohana Cobo
1516,Asunción Balaguer
1517,Arturo de Córdova
1518,Lucha Reyes
1519,Leonor Gomez
1520,"Carlos López ""Chaflán"""
1521,Max Langler
1522,Miguel Wimer
1523,Lupita Gallardo
1524,Alfonso Parra
1525,Anthony Mackie
1526,Kerry Washington
1527,Jamie Hector
1528,Jamara Griffin
1529,Wendell Pierce
1530,Amari Cheatom
1531,Novella Nelson
1532,Ron Simons
1533,Benicio del Toro
1534,Hugo Weaving
1535,Art Malik
1536,Rick Baker
1537,Michael Cronin
1538,Jon Favreau
1539,Gwyneth Paltrow
1540,Jeff Bridges
1541,Terrence Howard
1542,Leslie Bibb
1543,Stan Lee
1544,Paul Bettany
1545,Jensen Ackles
1546,Jared Padalecki
1547,Misha Collins
1548,Mark Sheppard
1549,Jim Beaver
1550,Jeffrey Dean Morgan
1551,Alexander Calvert
1552,Genevieve Cortese
1553,Sarah Roemer
1554,Imogen Poots
1555,Erin Kelly
1556,Frances Conroy
1557,Will Patton
1558,Conner Ann Waterman
1559,Ben Affleck
1560,Jeremy Renner
1561,Blake Lively
1562,Pete Postlethwaite
1563,Jon Hamm
1564,Titus Welliver
1565,Owen Burke
1566,Joseph Fiennes
1567,Cliff Curtis
1568,Tom Felton
1569,Peter Firth
1570,María Botto
1571,Stephen Hagan
1572,Richard Atwill
1573,James Shilaimon
1574,Javier Bardem
1575,Billy Crudup
1576,Hadi Subiyanto
1577,I. Gusti Ayu Puspawati
1578,Rachel Weisz
1579,Nikolaj Lie Kaas
1580,Monica Bellucci
1581,Rosabell Laurenti Sellers
1582,Danny John-Jules
1583,Mihai Ghior
1584,Cristina Cristian
1585,Cole Hauser
1586,Sophia Bush
1587,Shawn Ashmore
1588,Melissa Bolona
1589,Ashton Holmes
1590,Sean Brosnan
1591,Albert Dupontel
1592,Stéphane Debac
1593,Alice Taglioni
1594,Caterina Murino
1595,Sergi López
1596,Lucien Jean-Baptiste
1597,Serge Hazanavicius
1598,Stana Katić
1599,Jessica Dean
1600,Darren Reiher
1601,Ryan C. King
1602,Tommy Fitzgerald
1603,Rick Yudt
1604,Chris Fitzgerald
1605,Teresa Riney
1606,Billy Boyd
1607,Patrick Bauchau
1608,Smadi Wolfman
1609,Dominic Gould
1610,Geoffrey Carey
1611,Cinsyla Key
1612,George W. Contreras
1613,Meta Golding
1614,Charles Dance
1615,Jason Butler Harner
1616,Enid Graham
1617,Walt Klink
1618,Rob Yang
1619,Peter Weller
1620,Matt Damon
1621,Greg Kinnear
1622,Jason Isaacs
1623,Amy Ryan
1624,Brendan Gleeson
1625,Yigal Naor
1626,Khalid Abdalla
1627,Raad Rawi
1628,Natalie Portman
1629,Mila Kunis
1630,Vincent Cassel
1631,Winona Ryder
1632,Barbara Hershey
1633,Benjamin Millepied
1634,Sebastian Stan
1635,Sarah Lane
1636,Kate Hudson
1637,Simon Baker
1638,Donna E. Jones
1639,Caitlin Turner
1640,Christian Bale
1641,Micky Ward
1642,Melissa Leo
1643,Dicky Eklund
1644,Bianca Hunter
1645,Jack McGee
1646,Frank Renzulli
1647,James McAvoy
1648,Robin Wright
1649,Evan Rachel Wood
1650,Alexis Bledel
1651,Toby Kebbell
1652,Sean Penn
1653,Noah Emmerich
1654,Sam Shepard
1655,Michael Kelly
1656,Ty Burrell
1657,Bruce McGill
1658,Brooke Smith
1659,Channing Tatum
1660,Scott Porter
1661,Gavin McCulley
1662,Luke Benward
1663,Bryce Hogarth
1664,Adrien Brody
1665,Cam Gigandet
1666,Clifton Collins Jr.
1667,Travis Fimmel
1668,Ethan Cohn
1669,Michael Fassbender
1670,Olga Kurylenko
1671,Dominic West
1672,Axelle Carolyn
1673,JJ Feild
1674,David Morrissey
1675,Liam Cunningham
1676,Juliette Binoche
1677,William Shimell
1678,Angelo Barbagallo
1679,Filippo Trojano
1680,Andrea Laurenzi
1681,Agathe Natanson
1682,Gianna Giachetti
1683,Jean-Claude Carrière
1684,Janina Gavankar
1685,Justice Alan
1686,Al Madrigal
1687,April Adams
1688,Calvin Barber
1689,Xu Razer
1690,Michael Douglas
1691,Shia LaBeouf
1692,Oliver Stone
1693,Carey Mulligan
1694,Frank Langella
1695,Eli Wallach
1696,Susan Sarandon
1697,Penny Chenery
1698,Margo Martindale
1699,John Malkovich
1700,Diane Lane
1701,Amanda Michalka
1702,Kevin Connolly
1703,Dylan Walsh
1704,James Cromwell
1705,Denzel Washington
1706,Gary Oldman
1707,Jennifer Beals
1708,Ray Stevenson
1709,Michael Gambon
1710,Tom Waits
1711,Evan Jones
1712,Eduardo Noriega
1713,Belén Rueda
1714,Carlos Leal
1715,Clara Lago
1716,José Ángel Egido
1717,Sonia Lázaro
1718,Dritan Biba
1719,Jesse Eisenberg
1720,Caroline London
1721,Andrew McCarthy
1722,Bruce Davison
1723,Connor Paolo
1724,Will Denton
1725,Spencer Treat Clark
1726,Edward Speleers
1727,Holly Weston
1728,Sam Gittins
1729,Sean Pertwee
1730,Shauna Macdonald
1731,Rosie Day
1732,Elliot Cowan
1733,Calvin Dean
1734,Bruce Dern
1735,Bob Odenkirk
1736,June Squibb
1737,Dennis McCoig
1738,Ronald Vosta
1739,Stacy Keach
1740,Devin Ratray
1741,Chris Pine
1742,Bre Blair
1743,Shawn Christian
1744,Ryan Craig
1745,John Hawkes
1746,Robert Pine
1747,Muse Watson
1748,Megan Fox
1749,Jimmy Hayward
1750,Will Arnett
1751,Michael Shannon
1752,Wes Bentley
1753,Hanna Hall
1754,Adam Sherman
1755,Andie MacDowell
1756,Jesse Plemons
1757,Mark L. Young
1758,Shiloh Fernandez
1759,Rutger Hauer
1760,Tyler Steelman
1761,Nicolas Winding Refn
1762,Mads Mikkelsen
1763,Kim Bodnia
1764,Zlatko Burić
1765,Laura Drasbaek
1766,Slavko Labović
1767,Vanja Bajičić
1768,Lisbeth Rasmussen
1769,Teresa Palmer
1770,Gabriel Bateman
1771,Maria Bello
1772,Lotta Losten
1773,Alicia Vela-Bailey
1774,Alexander DiPersia
1775,Billy Burke
1776,Emily Alyn Lind
1777,Gong Li
1778,Chow Yun-Fat
1779,Ken Watanabe
1780,Franka Potente
1781,Rinko Kikuchi
1782,David Morse
1783,Jared Harris
1784,Sam Claflin
1785,Olivia Cooke
1786,Erin Richards
1787,Tracy Ray
1788,Aldo Maland
1789,Rory Fleck Byrne
1790,Harman Singh
1791,Reese Witherspoon
1792,Julianna Margulies
1793,Greta Lee
1794,Desean K. Terry
1795,Julie Dray
1796,Jonnie Hurn
1797,Marc Warren
1798,Rosie Fellner
1799,Dougal Porteous
1800,John Last
1801,Grace Vallorani
1802,Jean-Baptiste Puech
1803,Shingo Usami
1804,Kentaro Hara
1805,Jai Koutrae
1806,James Bishop
1807,Steve Dodd
1808,Rudi Baker
1809,Kuni Hashimoto
1810,Taki Abe
1811,Gabriel Batistuta
1812,José Wilker
1813,José Dumont
1814,Marcélia Cartaxo
1815,Zezita Matos
1816,Ravi Ramos Lacerda
1817,Fernando Teixeira
1818,Gal Cunha Lima
1819,Michelle Williams
1820,Ryan Gosling
1821,Faith Wladyka
1822,John Doman
1823,Eileen Rosen
1824,Ben Shenkman
1825,Andy Lau
1826,Carina Lau
1827,Li Bingbing
1828,Jean-Michel Casanova
1829,Tony Leung Ka-fai
1830,Deng Chao
1831,Sos Haroyan
1832,Chi Wai Yau
1833,Cher
1834,Julianne Hough
1835,Eric Dane
1836,Alan Cumming
1837,Ernest Borgnine
1838,Doris Roberts
1839,Piper Laurie
1840,Sunkrish Bala
1841,Anne Meara
1842,Richard Schiff
1843,Cameron Monaghan
1844,Bojana Novakovic
1845,Viktor Savić
1846,Nataša Tapušković
1847,Nikola Kojo
1848,Dragan Mićanović
1849,Predrag Ejdus
1850,Srђan Miletić
1851,Aidan Quinn
1852,Ryan Merriman
1853,Stefan Guy
1854,Michael Harding
1855,Anessa Ramsey
1856,Mandy Manis
1857,Jillian Batherson
1858,Pierce Brosnan
1859,Olivia Williams
1860,Jim Belushi
1861,Jon Bernthal
1862,Justin Bartha
1863,Danny A. Abeckaser
1864,Ari Graynor
1865,Hallie Kate Eisenberg
1866,Jason Fuchs
1867,Elizabeth Marvel
1868,David Vadim
1869,Tiler Peck
1870,Robert Fairchild
1871,Amar Ramasar
1872,Georgina Pazcoguin
1873,Andrew Veyette
1874,Ashley Laracey
1875,Ellen Bar
1876,Brittany Pollack
1877,Ralph Macchio
1878,Pat Morita
1879,William Zabka
1880,Jaden Smith
1881,John G. Avildsen
1882,Martin Kove
1883,Randee Heller
1884,Alejandro González Iñárritu
1885,Diaryatou Daff
1886,Maricel Álvarez
1887,Hanaa Bouchaib
1888,Germán Almendros
1889,Lang Sofia Lin
1890,Jean Reno
1891,Richard Berry
1892,Marina Foïs
1893,Kad Merad
1894,Gabriella Wright
1895,Max Baissette de Malglaive
1896,Fani Kołarova
1897,Moussa Maaskri
1898,Tommy Lee Jones
1899,Kevin Costner
1900,Chris Cooper
1901,Craig T. Nelson
1902,Rosemarie DeWitt
1903,Dana Eskelson
1904,Taylor Kitsch
1905,Frank Rautenbach
1906,Neil Tabatznik
1907,Lika Berning
1908,Nina Milner
1909,Jessica Haines
1910,Kirsten Dunst
1911,Lily Rabe
1912,Diane Venora
1913,Philip Baker Hall
1914,Nick Offerman
1915,Robert Englund
1916,Heather Langenkamp
1917,Johnny Depp
1918,John Saxon
1919,Amanda Wyss
1920,Jsu García
1921,Ronee Blakley
1922,Sean Bean
1923,Eddie Redmayne
1924,David Warner
1925,Kimberley Nixon
1926,Tim McInnerny
1927,Johnny Harris
1928,Josh Hartnett
1929,Woody Harrelson
1930,Demi Moore
1931,Mike Patton
1932,Kevin McKidd
1933,Gackt
1934,Rekha
1935,Hema Malini
1936,Ferena Wazeir
1937,Rishi Kapoor
1938,Javed Sheikh
1939,Luv Sinha
1940,Navni Parihar
1941,Kristen Stewart
1942,James Gandolfini
1943,Tiffany Coty
1944,Kathy Lamkin
1945,Ken Hixon
1946,Sharon Landry
1947,David Jensen
1948,Salman Khan
1949,Zarine Khan
1950,Mithun Chakraborty
1951,Jackie Shroff
1952,Lisa Lazarus
1953,Gita Solo
1954,Neena Gupta
1955,Bharat Dabholkar
1956,Leonor Watling
1957,Pilar López de Ayala
1958,Luis Tosar
1959,Antonio de la Torre Martín
1960,Alberto Ammann
1961,Miguel Ángel Muñoz
1962,Shahrukh Khan
1963,Adarsh Gourav
1964,Jimmy Shergill
1965,Pallavi Sharda
1966,Tanay Chheda
1967,Sonya Jehan
1968,Arjan Aujla
1969,Sunny Deol
1970,Isha Koppikar
1971,Konkona Sen Sharma
1972,Aryan Vaid
1973,Ali Haji
1974,Deepal Shaw
1975,Govind Namdeo
1976,Adam Sevani
1977,Rick Malambri
1978,Sharni Vinson
1979,Stephen Boss
1980,Joe Slaughter
1981,Kendra Andrews
1982,Martín Lombard
1983,Dermot Mulroney
1984,Diane Kruger
1985,Mia Stallard
1986,Christian Escario
1987,Rosanna Arquette
1988,Vincent Pérez
1989,Hrithik Roshan
1990,Bárbara Mori
1991,Kangana Ranaut
1992,Kabir Bedi
1993,Nicholas Brown
1994,Yuri Suri
1995,Anand Tiwari
1996,Steven Michael Quezada
1997,Michael Emerson
1998,Kevin Chapman
1999,Jim Caviezel
2000,Amy Acker
2001,Sarah Shahi
2002,John Nolan (British actor)
2003,Boris McGiver
2004,Nate Parker
2005,Rick Schroder
2006,Michael Rooker
2007,Nick Searcy
2008,Omar Benson Miller
2009,Gattlin Griffith
2010,Natalie Alyn Lind
2011,Bryce Dallas Howard
2012,Cécile de France
2013,Lisa Griffiths
2014,Frankie McLaren
2015,Steve Schirripa
2016,George McLaren
2017,Jay Mohr
2018,Eri Fukatsu
2019,Yūji Oda
2020,Yūsuke Santamaria
2021,Shun Oguri
2022,Atsushi Itō
2023,Toshirō Yanagiba
2024,Yūki Uchida
2025,Sōichirō Kitamura
2026,Colin Farrell
2027,Keira Knightley
2028,Ray Winstone
2029,Anna Friel
2030,Ben Chaplin
2031,Stephen Graham
2032,Ophelia Lovibond
2033,Eva Green
2034,Matt Smith
2035,Peter Wight
2036,Ruby O. Fee
2037,Jesse Hoffmann
2038,Hannah Murray
2039,István Lénárt
2040,Jim Sturgess
2041,David Wenham
2042,Sam Neill
2043,Adrienne DeFaria
2044,Ryan Kwanten
2045,Emily Barclay
2046,Halle Berry
2047,Chandra Wilson
2048,Matt Frewer
2049,Brian Markinson
2050,Vanessa Morgan
2051,Kira Clavell
2052,Mel Gibson
2053,Danny Huston
2054,Gabrielle Popa
2055,Denis O'Hare
2056,Shawn Roberts
2057,David Aaron Baker
2058,Sam Worthington
2059,Jessica Chastain
2060,Ciarán Hinds
2061,Marton Csokas
2062,Romi Aboulafia
2063,Jesper Christensen
2064,Kodi Smit-McPhee
2065,Dylan Minnette
2066,Sasha Barrese
2067,Cara Buono
2068,Ritchie Coster
2069,Britt Robertson
2070,Alexia Fast
2071,Carly McKillip
2072,Emily Tennant
2073,Janel Parrish
2074,Brett Davern
2075,Valerie Tian
2076,Sam Riley
2077,John Hurt
2078,Sean Harris
2079,Nonso Anozie
2080,Nelson Xavier
2081,Ângelo Antônio
2082,Natalia Soutto
2083,Matheus Costa
2084,Luís Alberto Melo
2085,Via Negromonte
2086,Giovanna Antonelli
2087,Tony Ramos
2088,Freddie Highmore
2089,Nicky Rebello
2090,Patrick Mofokeng
2091,Mike Maxwell
2092,Jennifer Steyn
2093,Zoliswa Kawe
2094,Redd-Valentino Debray
2095,Limara Meneses
2096,Eman Xor Oña
2097,Bebo Valdés
2098,Mario Guerra
2099,Estrella Morente
2100,Yaroldi Abreu
2101,Renny Arozarena
2102,Rigoberto Ferrera
2103,Marie Kremer
2104,Marisa Paredes
2105,Rossy de Palma
2106,Lou Doillon
2107,Thierry Lhermitte
2108,Ana Padrão
2109,Maria João Bastos
2110,Adriano Luz
2111,Léa Seydoux
2112,Ricardo Pereira
2113,José Afonso Dias Pimentel
2114,João Arrais
2115,Clotilde Hesme
2116,Rui Morrison
2117,Edwin Brienen
2118,Eva Dorrepaal
2119,Clayton Nemrow
2120,Jake The Rapper
2121,Sebastian Suba
2122,Alan Smith
2123,Jens Krasznig
2124,Heike Melba-Fendel
2125,Michelle Rodriguez
2126,Tony Shalhoub
2127,Caitlin Gerard
2128,Anthony LaPaglia
2129,Caroline Chan
2130,Paul Lazenby
2131,Jason Asuncion
2132,Keri Russell
2133,Tom Vaughan
2134,Meredith Droeger
2135,John Crowley
2136,Diego Velázquez
2137,Briana Evigan
2138,Garret Dillahunt
2139,Charlie Tahan
2140,Peggy Sheffield
2141,Mary Rachel Dudley
2142,Tom Nowicki
2143,Schicka
2144,Katie
2145,Kim Ho Kim
2146,Ron Smoorenburg
2147,Jennifer de Jong
2148,Man-Lung Tang
2149,Chantal Janzen
2150,Sing Li
2151,Judith Zhu
2152,Banny Ho
2153,Sian Clifford
2154,Lydia Leonard
2155,Ella Rumpf
2156,Rob Delaney
2157,Paula Beer
2158,Emun Elliott
2159,Sverrir Gudnason
2160,Mélissa Désormeaux-Poulin
2161,Lubna Azabal
2162,Abdelghafour Elaaziz
2163,Lara Atalla
2164,Maxim Gaudette
2165,Hussein Sami
2166,Monique Dartonne
2167,Dolph Lundgren
2168,Marian Koprada
2169,David Lewis
2170,Stefanie von Pfetten
2171,Igor Morozov
2172,Bo Svenson
2173,Mike Carpenter
2174,Samantha Ferris
2175,Shailene Woodley
2176,Jamie Dornan
2177,Matthew Gray Gubler
2178,Shamier Anderson
2179,Kyra Sedgwick
2180,Noureen DeWulf
2181,Đorđe Balašević
2182,Jovana Balašević
2183,Aleksa Balašević
2184,Olivera Balašević
2185,Evgeniya Eshkina-Kovacevic
2186,Predrag Bjelac
2187,Rade Šerbedžija
2188,Marcela Kloosterboer
2189,Elba Escobar
2190,Rosalinda Serfaty
2191,Mirela Mendoza
2192,Erich Wildpret
2193,Alberto Alifa
2194,Rosa Valsecchi
2195,Coté de Pablo
2196,Jon Foster
2197,Kris Kristofferson
2198,Jason Priestley
2199,Christopher Thornton
2200,Orlando Bloom
2201,Laura Linney
2202,John Carroll Lynch
2203,Dov Tiefenbach
2204,Kiko Mizuhara
2205,Ken'ichi Matsuyama
2206,Reika Kirishima
2207,Kengo Kōra
2208,Tran Nu Yen Khe
2209,Tokio Emoto
2210,Eriko Hatsune
2211,Ali Fazal
2212,Elnaaz Norouzi
2213,Tom Rhys Harries
2214,Navid Negahban
2215,Olivia Mai Barrett
2216,Bahador Foladi
2217,Stivi Paskoski
2218,Jason Clarke
2219,Annabeth Gish
2220,Fionnula Flanagan
2221,Ethan Embry
2222,Kerry O'Malley
2223,Ben Whishaw
2224,Alfred Molina
2225,Reeve Carney
2226,Jeremy Irons
2227,Tom Conti
2228,Anna Castillo
2229,Tamar Novas
2230,Victoria Teijeiro
2231,Bernard Bullen
2232,Antonio Buíl
2233,Irina Bravo
2234,Mariam Torres
2235,Kaabil Sekali
2236,Alice Ziolkoski
2237,Meaghan Hughes
2238,Sarah Butterworth
2239,Valerie Mahaffey
2240,Adam Arkin
2241,Eamon Hunt
2242,Steven Grayhm
2243,Lisa Langlois
2244,Klara Manzel
2245,Remo Schulze
2246,Charly Hübner
2247,Charlotte Crome
2248,Julia Franzke
2249,Annika Blendl
2250,Lina Rabea Mohr
2251,Keiron Freigang
2252,Philip Seymour Hoffman
2253,John Ortiz
2254,Daphne Rubin-Vega
2255,Elizabeth Rainer
2256,Cordell Stahl
2257,Thomas McCarthy
2258,Rafael Osorio
2259,Alejandra Ambrosi
2260,José Ángel Bichir
2261,Flor Edwarda Gurrola
2262,Unax Ugalde
2263,Gabino Rodríguez
2264,Héctor Kotsifakis
2265,Thanya L
2266,Arnulfo Reyes Sánchez
2267,Leonor Silveira
2268,Ricardo Trêpa
2269,Ana Maria Magalhães
2270,Luís Miguel Cintra
2271,Isabel Ruth
2272,Filipe Vargas
2273,Sara Carinhas
2274,Andrew Scott
2275,Fiona Glascott
2276,Tobias Menzies
2277,Graham Turner
2278,Simon Trinder
2279,Michelle Fairley
2280,Franka Gulin
2281,Mislav Čavajda
2282,Marshal Hilton
2283,Missy Sturges
2284,Laura Waters
2285,Justin Schollard
2286,Kathleen Reed
2287,Louise Cleveland
2288,Chriss Gott
2289,Nancy O'Hara
2290,Andrew Garfield
2291,Aaron Sorkin
2292,Armie Hammer
2293,Dakota Johnson
2294,Rooney Mara
2295,Tracy Wright
2296,Rosie Elia
2297,Nadia Litz
2298,Max Topplin
2299,Richard Clarkin
2300,Stephen R. Hart
2301,Isaac Durnford
2302,R. D. Reid
2303,Essence Atkins
2304,Cordell Moore
2305,Denise Boutte
2306,Tempestt Bledsoe
2307,Thomas Miles
2308,Toni Trucks
2309,Rick Ravanello
2310,Henry Brown
2311,Tessa Thompson
2312,Mo McRae
2313,Corey Jackson
2314,Chris Ayles
2315,Afi Ayanna
2316,Ed Gilles III
2317,Carter Jenkins
2318,Haley Bennett
2319,Anthony Burk
2320,Lachlan Buchanan
2321,Alex Zorbas
2322,Nicholas Marmaras
2323,Dato Bakhtadze
2324,Evin Ahmad
2325,Alexander Abdallah
2326,Ali Alarik
2327,Dada Fungula Bozela
2328,Ayaan Ahmed
2329,Khalil Ghazal
2330,Z.E
2331,Olle Sarri
2332,Faruk Kabir
2333,Sharman Joshi
2334,Atul Kulkarni
2335,Rukhsaar Rehman
2336,Anjana Sukhani
2337,Vikram Gokhale
2338,Suhasini Mulay
2339,Nicole Kidman
2340,Golshifteh Farahani
2341,Aja Naomi King
2342,Tate Donovan
2343,Genevieve Angelson
2344,Miley Cyrus
2345,Liam Hemsworth
2346,Bobby Coleman
2347,Carly Chaikin
2348,Melissa Ordway
2349,Hallock Beals
2350,Guillaume Canet
2351,Griffin Dunne
2352,Daniel Eric Gold
2353,Anson Mount
2354,Stephanie Romanov
2355,Steve Le Roi
2356,Vahina Giocante
2357,Nicolas Duvauchelle
2358,Jacques Spiesser
2359,Caroline Raynaud
2360,Jo Prestia
2361,Christian Bouillette
2362,Mireille Franchino
2363,Tony Grga
2364,Mirela Lambić
2365,Ejla Bavcic
2366,Faketa Salihbegović-Avdagić
2367,Dragan Marinković
2368,Mirsad Tuka
2369,Nermin Omić
2370,Bobby Naderi
2371,Dominic Rains
2372,Ian Tran
2373,Nav Mann
2374,Volkan Eryaman
2375,Denise George
2376,Tony Yalda
2377,Shawn Hatosy
2378,Ben Robson
2379,Jake Weary
2380,Finn Cole
2381,Ellen Barkin
2382,Leila George
2383,Sohvi Rodriguez
2384,Osmar Núñez
2385,Julieta Zylberberg
2386,Gaby Ferrero
2387,Marta Lubos
2388,Magdalena Capobianco
2389,Ailín Salas
2390,Jorge García Marino
2391,Diego Vegezzi
2392,Edie Falco
2393,Embeth Davidtz
2394,Kathryn Erbe
2395,Rachel Resheff
2396,Danai Gurira
2397,Peyton List
2398,Wesley Broulik
2399,Sam Clemmett
2400,Gordon Liu
2401,Bene't Lynton
2402,Sarika Choy
2403,Yip Sai Wing
2404,Aya Suyama
2405,Sunny Luk
2406,Wang-Fat Leung
2407,Samson Mo
2408,Matthew Beard
2409,Daniel Kaluuya
2410,Tuppence Middleton
2411,Richard Madden
2412,Adrienne Pickering
2413,Zoe Naylor
2414,Damian Walshe-Howling
2415,Gyton Grantley
2416,Kieran Darcy-Smith
2417,Mark Simpson
2418,Damian Walshe-Ho
2419,
2420,Zapata 666
2421,Amanda Key
2422,Alejandro Furth
2423,Steve Wilcox
2424,Marisa Román
2425,Laureano Olivares
2426,Ana María Simón Pazmiño
2427,Ryan O'Nan
2428,Wilmer Valderrama
2429,Jason Ritter
2430,June Diane Raphael
2431,Ana Claudia Talancón
2432,Ethan Suplee
2433,Richard Armitage
2434,Indira Varma
2435,Rish Shah
2436,Sonera Angel
2437,Marion Bailey
2438,Pippa Bennett-Warner
2439,Francesca Knight
2440,Idina Menzel
2441,Jonathan Groff
2442,Jennifer Lee
2443,Santino Fontana
2444,Maia Wilson
2445,Matthew McConaughey
2446,Bill Paxton
2447,Harvey Keitel
2448,Jon Bon Jovi
2449,Thomas Kretschmann
2450,Jake Weber
2451,Tom Guiry
2452,Erik Palladino
2453,Christopher Lambert
2454,Adrian Paul
2455,Douglas Aarniokoski
2456,Donnie Yen
2457,Bruce Payne
2458,Adam Copeland
2459,Wendy Partridge
2460,Christopher Leps
2461,Mark Hamill
2462,Leonard Nimoy
2463,John Rhys-Davies
2464,Jennifer Hale
2465,Jeff Wolverton
2466,Alice Amter
2467,Jim Cummings
2468,David Bowe
2469,Mo Gallini
2470,William Bumiller
2471,Debi A. Monahan
2472,Chase MacKenzie Bebak
2473,Robert Enriquez
2474,Jocelyn Seagrave
2475,Judi Beecher
2476,Jaclyn Smith
2477,Elizabeth Banks
2478,John Forsythe
2479,Drew Barrymore
2480,Lucy Liu
2481,Ella Balinska
2482,Richard Roundtree
2483,Jessie Usher
2484,Regina Hall
2485,Alexandra Shipp
2486,Lauren Vélez
2487,Avan Jogia
2488,Matt Lauria
2489,Kevin Bacon
2490,Kim Dickens
2491,Greg Grunberg
2492,Mary Randle
2493,William Devane
2494,Anthony Addabbo
2495,Timothy Bottoms
2496,Irina Grigoryeva
2497,Vera Sotnikova
2498,Jacqueline Lovell
2499,Brion James
2500,Yelena Zatolokina
2501,Anna Dubrovskaya
2502,Jet Li
2503,Aaliyah
2504,Russell Wong
2505,DMX
2506,Isaiah Washington
2507,Delroy Lindo
2508,D.B. Woodside
2509,Scott Wiper
2510,Lou Diamond Phillips
2511,Jefferson Moore
2512,Andre Braugher
2513,Natasha Henstridge
2514,Jack Conley
2515,Rick Hoffman
2516,Kathleen Turner
2517,Danny Aiello
2518,Frank Nasso
2519,John P. Gulino
2520,Mtume Gant
2521,Russell Crowe
2522,Connie Nielsen
2523,Paul Mescal
2524,Oliver Reed
2525,Richard Harris
2526,Tommy Flanagan
2527,Michelle Hunziker
2528,Alberto Tomba
2529,Corinne Cléry
2530,Massimo Poggio
2531,Tony Kendall
2532,Orso Maria Guerrini
2533,Ramona Badescu
2534,Tullio Sorrentino
2535,Lior Raz
2536,Mike Norris
2537,Ze'ev Revach
2538,Bentley Mitchum
2539,Sasson Gabai
2540,Uri Gavriel
2541,Mary Elizabeth Mastrantonio
2542,George Clooney
2543,William Fichtner
2544,Hayden Tank
2545,Kelly Greyson
2546,Natali Yura
2547,Chad Michael Murray
2548,Gabrielle Haugh
2549,Ser'Darius Blain
2550,Jesse Metcalfe
2551,Charlize Theron
2552,Gary Sinise
2553,James Frain
2554,Isaac Hayes
2555,Donal Logue
2556,Michael Sunczyk
2557,Brandon Merrill
2558,Eric Chen
2559,Roger Yuan
2560,Walton Goggins
2561,Jason Connery
2562,Clint Eastwood
2563,James Garner
2564,Donald Sutherland
2565,Marcia Gay Harden
2566,Barbara Babcock
2567,Heath Ledger
2568,Skye McCole Bartusiak
2569,Lisa Brenner
2570,Joely Richardson
2571,Logan Lerman
2572,John Travolta
2573,Sabine Karsenti
2574,Shaun Austin-Olsen
2575,Kim Coates
2576,Earl Pastko
2577,Nicolas Cage
2578,Angelina Jolie
2579,Giovanni Ribisi
2580,H. B. Halicki
2581,T.J. Cross
2582,Vinnie Jones
2583,Scott Caan
2584,Sophia Lillis
2585,Daisy Head
2586,Regé-Jean Page
2587,Chloe Coleman
2588,Justice Smith
2589,Hugh Grant
2590,Michelle Yeoh
2591,Zhang Ziyi
2592,Chang Chen
2593,Cheng Pei-pei
2594,Xian Gao
2595,Fazeng Li
2596,Sihung Lung
2597,Paul Walker
2598,Joshua Jackson
2599,Hill Harper
2600,Dominic Kahn
2601,Connie Buell
2602,William Petersen
2603,Robin Tunney
2604,Izabella Scorupco
2605,Scott Glenn
2606,Nicholas Lea
2607,Ben Mendelsohn
2608,Temuera Morrison
2609,Cynthia Rothrock
2610,Jalal Merhi
2611,Loren Avedon
2612,Carter Wong
2613,Bolo Yeung
2614,Gary Foo
2615,Russell Peters
2616,Mike Chow
2617,Terry Farrell
2618,Wil Wheaton
2619,Craig Sheffer
2620,Harry Van Gorkum
2621,Ron Yuan
2622,James Russo
2623,Donald Li
2624,Scott Wilson
2625,Dylan Kussman
2626,Sylvester Stallone
2627,Michael Caine
2628,Mickey Rourke
2629,Stephen Kay
2630,Rachael Leigh Cook
2631,John C. McGinley
2632,Julia Ormond
2633,Tchéky Karyo
2634,F. Murray Abraham
2635,Amanda Plummer
2636,Assumpta Serna
2637,Anthony Higgins
2638,Diana Quick
2639,Antonio Sabato Jr.
2640,Fred Ward
2641,Sean Kanan
2642,Kelly Rutherford
2643,R. Lee Ermey
2644,Susie Park
2645,Curt Cornelius
2646,John Jabaley
2647,Melissa Sagemiller
2648,Neal McDonough
2649,Bonnie Bramlett
2650,Brian Geraghty
2651,Sela Ward
2652,Shelby Fenner
2653,Nia Long
2654,Jascha Washington
2655,Ella Mitchell
2656,Tichina Arnold
2657,Ramsey Luke
2658,David Duchovny
2659,Emma Dumont
2660,Grey Damon
2661,Michaela McManus
2662,Claire Holt
2663,Gethin Anthony
2664,Brían F. O'Byrne
2665,Chance Kelly
2666,Sandra Bullock
2667,Benjamin Bratt
2668,Heather Burns
2669,William Shatner
2670,Ernie Hudson
2671,John DiResta
2672,Kimberly Elise
2673,Doug Hutchison
2674,Robert Pastorelli
2675,David Paymer
2676,Megan Dodds
2677,Lloyd Kaufman
2678,Paul Kyrmse
2679,Joe Fleishaker
2680,David Mattey
2681,Trent Haaga
2682,Heidi Sjursen
2683,Michael Budinger
2684,Lisa Terezakis
2685,Arnold Schwarzenegger
2686,Jaimie Alexander
2687,Luis Guzmán
2688,Génesis Rodríguez
2689,Rodrigo Santoro
2690,Zach Gilford
2691,Lee-Anne Liebenberg
2692,Benedict Carver
2693,MyAnna Buring
2694,Craig Conway
2695,Paul Hyett
2696,Marcello Antony
2697,Barbara Schulz
2698,Herson Capri
2699,Jean-Louis Tribes
2700,Paulo Vespúcio
2701,Oscar Magrini
2702,Miwa Yanagizawa
2703,Tony Goldwyn
2704,Sarah Wynter
2705,Taylor Anne Reid
2706,Rodney Rowland
2707,Michael Rapaport
2708,Andrew Philpot
2709,Pamela Adlon
2710,John Rafter Lee
2711,John DeMita
2712,Wendee Lee
2713,Jack Fletcher
2714,Julia Fletcher
2715,Dwight Schultz
2716,Jason Statham
2717,Pras
2718,Ja Rule
2719,Patricia Velásquez
2720,Faith Evans
2721,Melyssa Ford
2722,Wyclef Jean
2723,Meilani Paul
2724,Randolph Mantooth
2725,Neal Matarazzo
2726,Tony Becker
2727,Steve Eastin
2728,Natalie Radford
2729,Allan Kolman
2730,Justine Waddell
2731,Jonny Lee Miller
2732,Christopher Plummer
2733,Jennifer Esposito
2734,Omar Epps
2735,Vitamin C
2736,Shimmy Silverman
2737,Catherine Zeta-Jones
2738,Stuart Wilson
2739,Matt Letscher
2740,Tony Amendola
2741,Victor Rivas Rivers
2742,Pedro Armendáriz Jr.
2743,Colin Ford
2744,Sophie Simnett
2745,Alyvia Alyn Lind
2746,Austin Crute
2747,Matthew Broderick
2748,Cody Kearsley
2749,Krysta Rodriguez
2750,Brian Bosworth
2751,Michael Dorn
2752,Cliff Robertson
2753,David Hedison
2754,Lance Guest
2755,Shannon Whirry
2756,Andrew Stevens
2757,Arcelia Ramírez
2758,Fernanda Castillo
2759,Flavio Medina
2760,Azucena Acevedo
2761,Luciana González De León
2762,Karla Garrido
2763,Claudia Santiago
2764,Meg Ryan
2765,David Caruso
2766,Pamela Reed
2767,Diego Trujillo
2768,Michael Kitchen
2769,Snoop Dogg
2770,Tray Deee
2771,Darryl Brunson
2772,Goldie Loc
2773,Xzibit
2774,Warren G
2775,RBX
2776,Larissa Bordere
2777,Traci Lords
2778,Jeff Fahey
2779,Kristina Matisic
2780,Daniela Nane
2781,Katie Stuart
2782,Andrew Francis
2783,Mark Holden
2784,Amisha Patel
2785,Anupam Kher
2786,Dalip Tahil
2787,Ashish Vidyarthi
2788,Farida Jalal
2789,Naoto Takenaka
2790,Dan Green
2791,Rachael Lillis
2792,Lisa Ortiz
2793,Ikue Ōtani
2794,Veronica Taylor
2795,Shin'ichirō Miki
2796,Unshō Ishizuka
2797,Ulrich Thomsen
2798,Søren Pilmark
2799,Ole Thestrup
2800,Sofie Gråbøl
2801,Peter Andersson
2802,Tomas Villum Jensen
2803,Kōji Yakusho
2804,Bunta Sugawara
2805,Yūko Asano
2806,Tsurutarō Kataoka
2807,Saburō Ishikura
2808,Hideji Ōtaki
2809,Renji Ishibashi
2810,Takeshi Katō
2811,Aleksandr Karamnov
2812,Víktor Sujorúkov
2813,Konstantin Zheldin
2814,Svetlana Mihailova
2815,Serguéi Bodrov
2816,Darya Yurgens
2817,Konstantin Murzenko
2818,Denise Gough
2819,Elli Tringou
2820,Dominique Tipper
2821,Andreas Konstantinou
2822,Alexandros Logothetis
2823,Orfeas Avgoustidis
2824,Sofia Kokkali
2825,Sissy Spacek
2826,André Holland
2827,Jane Levy
2828,Paul Sparks
2829,Josh Radnor
2830,Brad Koed
2831,Hannah James
2832,McKinley Belcher III
2833,Gary Cole
2834,Suzanne Bertish
2835,Norbert Leo Butz
2836,Jeffrey Wright
2837,Max Minghella
2838,Szymon Bobrowski
2839,Agnieszka Warchulska
2840,Aleksandr Semchev
2841,Przemysław Sadowski
2842,Olaf Lubaszenko
2843,Agnieszka Włodarczyk
2844,Artur Żmijewski
2845,Bartosz Zukowski
2846,Preity Zinta
2847,Puru Raaj Kumar
2848,Sonali Kulkarni
2849,Abhay Chopra
2850,Vineet Sharma
2851,Jack Whitehall
2852,Édgar Ramírez
2853,Verónica Falcón
2854,Dani Rovira
2855,Abel Folk
2856,Sílvia Munt
2857,Laia Marull
2858,Carlos Manuel Díaz
2859,Paul Berrondo
2860,Francesc Orella
2861,Francesc Garrido
2862,Mahima Chaudhry
2863,Alok Nath
2864,Antara Mali
2865,Sudhanshu Pandey
2866,Dilip Joshi
2867,Razak Khan
2868,Mukesh Rishi
2869,Johanan Herson
2870,Cas Anvar
2871,Rotem Keinan
2872,Daniel Wandelt
2873,Erez Ben-Ezra
2874,Ohad Knoller
2875,Joshua Seth
2876,Jeff Nimoy
2877,Bob Buchholz
2878,Lara Jill Miller
2879,Mona Marshall
2880,Brianne Siddall
2881,Philece Sampler
2882,Michael Sorich
2883,Lee Young-ae
2884,Song Kang-ho
2885,Lee Byung-hun
2886,Shin Ha-kyun
2887,Kim Tae-woo
2888,Isaac Green
2889,Gi Ju-bong
2890,Herbert Ulrich
2891,Chakrit Yamnam
2892,Panward Hemmanee
2893,Charlie Young
2894,James With
2895,Chris Heebink
2896,Dom Hetrakul
2897,Nirattisai Kaljareuk
2898,Tatsuya Fujiwara
2899,Chiaki Kuriyama
2900,Aki Maeda
2901,Kō Shibasaki
2902,Masanobu Andō
2903,Taro Yamamoto
2904,Takashi Tsukamoto
2905,Ai Maeda
2906,Armando Gota
2907,Jeannette Lehr
2908,Rocío Miranda
2909,Pedro Lander
2910,Alberto Rowinsky
2911,Jenny Noguera
2912,Juan Carlos Alarcón
2913,Paul Dobson
2914,Kirby Morrow
2915,Kelly Sheridan
2916,Terry Klassen
2917,Michael Dobson
2918,Venus Terzo
2919,Ward Perry
2920,Richard Newman
2921,Sebastian Francini
2922,Guillermo Francella
2923,Mapi Galan
2924,Manuel Bandera
2925,Millie Stegman
2926,Camila Bertone
2927,Gaspar Cano
2928,Annie Sosa Cordero
2929,Baby Sakshi Sem
2930,Pramod Moutho
2931,Master Harsh Lunia
2932,Tiku Talsania
2933,Joren Seldeslachts
2934,Nathalie Meskens
2935,Warre Borgmans
2936,Marc de Bel
2937,Lut Hannes
2938,Mieke Verheyden
2939,Els Olaerts
2940,Benny Claessens
2941,Youki Kudoh
2942,Steve Blum
2943,Paul Carr
2944,Chuck Campbell
2945,Saemi Nakamura
2946,Akira Koieyama
2947,Rebecca Forstadt
2948,Tom Fahn
2949,Kim Hee-sun
2950,Jung Jin-young
2951,Jang Dong-jik
2952,Shin Hyun-joon
2953,Kim Hak-chul
2954,Kim Soo-ro
2955,Bang Hyeob
2956,Kim Heui-seon
2957,Kim Sang-joong
2958,Jung Joon-ho
2959,Lee Beom-soo
2960,Jang Dong-gun
2961,Kim In-kwon
2962,Ye Ji-won
2963,Kim Kwang-Seok
2964,Jeong Won-jung
2965,Jaran Ngamdee
2966,Bin Bunluerit
2967,Winai Kraibutr
2968,Theerayut Pratyabamrung
2969,Bongkoj Khongmalai
2970,Atthakorn Suwannaraj
2971,Chumphorn Thepphithak
2972,Phisate Sangsuwan
2973,Riki Takeuchi
2974,Show Aikawa
2975,Kenichi Endō
2976,Shinya Tsukamoto
2977,Edison Chen
2978,Ren Osugi
2979,Masato
2980,Tōru Tezuka
2981,Wagner Moura
2982,Pedro Pascal
2983,Boyd Holbrook
2984,Paulina Gaitán
2985,Diego Luna
2986,José María Yazpik
2987,Joanna Christie
2988,Gregory Peck
2989,Ava Gardner
2990,Susan Hayward
2991,Hildegard Knef
2992,Helene Stanley
2993,Leo G. Carroll
2994,Marcel Dalio
2995,Torin Thatcher
2996,Gene Wilder
2997,Kelly LeBrock
2998,Charles Grodin
2999,Gilda Radner
3000,Judith Ivey
3001,Joseph Bologna
3002,Milt Kogan
3003,Kyle T. Heffner
3004,Ashton Sanders
3005,Isaiah John
3006,Kelly Jenrette
3007,Shakira Ja'nai Paye
3008,Yahya Abdul-Mateen II
3009,Regina Taylor
3010,Christopher Meyer
3011,Tiger Shroff
3012,Shraddha Kapoor
3013,Sudheer Babu
3014,Shaurya Bharadwaj
3015,Sunil Grover
3016,Sumit Gulati
3017,Paras Arora
3018,Luis Gatica
3019,Jaime Fernández
3020,Gerardo Albarrán
3021,Bruno Rey
3022,Mayte Carol
3023,Hugo Del Valle
3024,Roberto Gómez
3025,Anne Baxter
3026,Ralph Bellamy
3027,Aline MacMahon
3028,Ruth Warrick
3029,Scott McKay
3030,Margaret Hamilton
3031,Jerome Cowan
3032,Marie McDonald
3033,Alfredo Gutierrez
3034,Eleazar García Jr.
3035,Jorge Almada
3036,Flavio Peniche
3037,Amin Gomez
3038,Gibrán González
3039,Víctor Ortiz
3040,Robin Padilla
3041,Jolina Magdangal
3042,J.R. Herrera
3043,Vic Díaz
3044,Bearwin Meily
3045,Reynaldo Castro
3046,"Efren Reyes, Jr."
3047,Roldan Aquino
3048,Eddie García
3049,Willie Revillame
3050,Rez Cortez
3051,Patricia Javier
3052,Rico J. Puno
3053,Jose Balagtas
3054,Joanne Quintas
3055,Eddie Arenas
3056,Sami Bouajila
3057,Denis Podalydès
3058,Simon Abkarian
3059,Alba Rohrwacher
3060,Christian Hening
3061,Olivier Bony
3062,Aurélie Valat
3063,Tom Hardy
3064,Noomi Rapace
3065,Matthias Schoenaerts
3066,Michael Aronov
3067,James Frecheville
3068,Morgan Spector
3069,James Stewart
3070,Raquel Welch
3071,Dean Martin
3072,George Kennedy
3073,Andrew Prine
3074,Will Geer
3075,Denver Pyle
3076,Clint Ritchie
3077,Jeimy Osorio
3078,Joealis Filippetti
3079,Modesto Lacen
3080,Julitza Berberena
3081,Jazmín Caratini
3082,Magali Carrasquillo
3083,Luz María Rondón
3084,Brian Tester
3085,Nancy Isime
3086,Chidi Mokeme
3087,Ali Nuhu
3088,Richard Mofe-Damijo
3089,Nse Ikpe-Etim
3090,Mercy Eke
3091,Ini Edo
3092,Sola Sobowale
3093,Ben Foster
3094,Eric Bana
3095,Holliday Grainger
3096,Kyle Gallner
3097,Rachel Brosnahan
3098,Diana Golden
3099,Juan Carlos Serrán
3100,Carlos Stiwell
3101,Patricia Páramo
3102,Mario Arévalo
3103,Rubén Gondray
3104,Rommel Padilla
3105,Jean Garcia
3106,Paquito Diaz
3107,Romy Diaz
3108,Jose 'Boy' Aguilar
3109,Boy Alano
3110,Bob Soler
3111,Meryem Uzerli
3112,Halit Ergenç
3113,Burak Özçivit
3114,Nur Fettahoğlu
3115,Cansu Dere
3116,Pelin Karahan
3117,Selma Ergeç
3118,Vahide Perçin
3119,Yumi Adachi
3120,Mari Natsuki
3121,Keiko Toda
3122,Takashi Naitō
3123,Teruhiko Aoi
3124,Hideko Hara
3125,Hiro Tsunoda
3126,Deepshika
3127,Upasana Singh
3128,Sudesh Lehri
3129,Avinash Wadhawan
3130,Balvinder Singh Suri
3131,Vijay Tandon
3132,Baby Priya
3133,Nishan Singh Thinda
3134,Ace Espinosa
3135,Eddie Gutiérrez
3136,Ramon Gutierrez
3137,Ynez Veneracion
3138,Sylvia Sanchez
3139,Berting Labra
3140,Dharmendra
3141,Vinod Khanna
3142,Ajit Khan
3143,Rajendra Nath
3144,Jayshree T.
3145,Iftekhar
3146,Joginder Shelly
3147,Çağatay Ulusoy
3148,Şifanur Gül
3149,Olgun Şimşek
3150,Salih Bademci
3151,Berrak Tüzünataç
3152,Ece Sükan
3153,Evrim Alasya
3154,Vedat Erincin
3155,Clive Owen
3156,Lisa Roberts Gillan
3157,David Shumbris
3158,Dan Daily
3159,Sandy Hamilton
3160,Don Johnson
3161,L. Q. Jones
3162,Susanne Benton
3163,Jason Robards
3164,Tim McIntire
3165,Alvy Moore
3166,Ron Feinberg
3167,Don Carter
3168,Anthony Wong
3169,Cynthia Khan
3170,Angela Tong
3171,Phillip Ko
3172,Benny Lai
3173,Tiger Kim
3174,Wing-Fu Fok
3175,Laura Dern
3176,Téa Leoni
3177,Alessandro Nivola
3178,Trevor Morgan
3179,Michael Jeter
3180,Taylor Nichols
3181,Inés Sastre
3182,André Dussollier
3183,Isabelle Renauld
3184,Edith Scob
3185,André Penvern
3186,Ming-Na Wen
3187,Alec Baldwin
3188,Peri Gilpin
3189,James Woods
3190,Jean Simmons
3191,Edward Burns
3192,Avery Brooks
3193,Melina Kanakaredes
3194,Karel Roden
3195,Bill Murray
3196,Laurence Fishburne
3197,Elena Franklin
3198,Chris Elliott
3199,Molly Shannon
3200,Shannyn Sossamon
3201,Rufus Sewell
3202,James Purefoy
3203,Laura Fraser
3204,James van der Beek
3205,Usher
3206,Tom Skerritt
3207,Randy Travis
3208,Robert Patrick
3209,José Acosta
3210,Carmiña Martínez
3211,Natalia Reyes
3212,Greider Meza
3213,Sergio Coen
3214,Luisa Alfaro
3215,Sebastian Celis
3216,Jhon Narváez
